age_cat,charge_degree,sex,priors_counts,length_of_stay,two_year_recid,race
1,1,0,0,1,1,0
0,1,0,2,0,1,0
0,1,0,1,2,0,0
1,1,0,2,1,1,1
1,0,1,0,0,0,1
0,1,0,1,0,1,1
1,1,0,0,0,0,1
0,0,0,1,0,1,0
1,0,1,0,0,0,1
1,1,0,0,0,0,0
2,1,1,1,2,1,1
1,1,0,2,0,1,0
1,1,0,1,1,0,0
1,1,0,2,0,1,1
1,1,0,2,1,1,1
2,1,0,2,0,1,0
0,1,0,1,0,1,0
1,0,0,0,0,1,1
0,1,1,0,0,0,1
1,0,0,1,0,0,1
1,1,0,2,0,1,0
1,1,1,1,0,0,1
1,1,0,2,1,1,0
1,1,0,0,1,1,0
1,1,0,2,0,1,1
1,1,0,2,0,1,0
2,1,0,0,0,0,1
1,0,0,2,1,0,1
1,0,1,2,1,1,1
0,0,0,1,0,1,1
1,1,0,2,2,1,0
1,0,0,0,0,0,1
0,1,1,1,0,0,0
2,0,0,1,0,0,0
1,0,0,1,0,1,1
2,1,1,2,1,0,0
1,1,0,0,1,1,0
1,0,0,2,1,1,1
1,1,0,2,0,1,0
2,0,0,0,0,0,1
1,0,0,2,1,1,0
1,1,0,0,0,0,0
1,1,0,1,0,1,1
2,1,0,2,2,1,1
1,1,0,2,2,0,0
0,1,0,1,0,1,0
2,0,0,2,0,0,0
2,1,0,2,1,0,1
1,1,0,2,0,0,0
2,0,0,2,1,1,0
1,1,0,2,0,1,0
1,0,0,2,0,1,1
0,1,0,1,0,1,0
0,1,0,1,2,1,0
1,1,0,2,2,1,0
1,1,0,2,0,1,0
2,0,1,0,0,0,0
1,0,0,1,0,0,0
1,1,0,2,0,1,0
1,1,0,1,1,1,1
1,1,0,1,0,0,0
0,0,0,1,1,1,0
0,1,0,0,1,0,1
1,1,1,1,1,1,0
1,1,0,1,2,1,1
1,1,0,0,0,0,0
1,0,0,1,0,0,0
1,0,0,2,0,1,0
1,1,0,2,1,1,0
0,1,0,1,1,1,0
0,0,0,1,0,1,0
1,0,1,1,0,0,0
1,1,0,2,0,1,0
1,1,0,2,1,1,1
1,1,0,2,0,1,1
2,0,0,2,2,0,0
0,1,1,0,0,0,1
1,1,0,1,1,1,1
2,1,0,1,1,0,1
2,0,1,0,0,0,1
0,0,0,1,0,1,0
0,1,0,1,0,0,0
1,1,0,1,0,0,0
1,1,1,0,0,1,1
0,1,0,2,1,1,1
1,1,0,0,1,0,1
1,0,0,0,1,0,1
1,1,1,1,0,0,1
2,1,0,2,2,1,0
1,1,0,1,0,0,1
0,1,0,1,2,1,0
1,0,0,2,0,1,1
1,1,0,0,1,0,1
1,1,0,2,0,1,0
1,1,0,1,1,0,0
1,1,0,1,0,1,1
1,1,0,2,1,1,0
0,1,0,0,0,1,0
1,1,0,2,0,1,0
1,0,0,1,0,0,0
1,1,0,2,2,1,1
1,1,0,1,0,1,0
2,1,0,2,1,0,0
2,0,0,1,0,0,1
1,1,0,2,1,1,0
2,0,1,1,0,0,1
0,1,0,2,1,1,1
1,1,0,2,2,0,1
1,1,1,1,1,0,1
1,0,0,1,0,0,1
1,1,0,1,2,0,1
1,0,0,0,0,1,1
0,0,1,0,0,0,0
1,1,1,2,1,1,1
1,0,0,1,0,1,1
1,1,0,1,1,1,0
1,0,0,1,1,1,1
1,0,0,1,0,0,0
2,1,0,1,1,1,1
2,1,1,2,2,0,1
0,1,1,1,1,0,0
1,0,1,0,0,0,1
1,1,0,2,0,1,0
1,1,0,2,1,1,0
1,0,0,2,0,1,0
1,1,1,0,1,1,0
1,1,1,2,1,1,0
1,1,0,1,0,1,0
0,1,1,0,0,0,0
1,0,1,0,0,0,1
2,1,1,1,0,1,0
1,1,1,2,2,1,0
1,0,1,1,0,1,0
2,0,0,1,0,0,0
1,0,0,1,0,0,1
1,1,1,1,2,1,1
1,1,0,1,0,0,0
2,0,0,1,0,0,1
0,1,0,1,2,0,0
2,1,0,2,1,1,1
2,1,1,2,0,0,1
1,1,0,0,1,0,1
1,0,0,1,0,1,0
1,1,1,2,0,0,0
2,1,0,2,1,0,0
1,1,1,2,2,0,1
2,1,0,1,1,0,1
1,0,0,2,1,1,0
2,0,0,1,0,1,1
2,1,0,0,0,0,1
1,1,0,2,1,1,0
0,1,0,1,0,1,0
2,0,0,2,1,1,0
0,0,0,0,1,1,0
1,1,1,1,1,1,1
2,1,0,1,0,0,0
2,0,0,2,1,1,1
1,1,0,2,2,1,0
1,0,0,1,1,1,0
1,1,0,0,0,1,1
1,1,0,2,2,1,0
2,1,0,1,2,0,1
0,1,0,0,2,1,0
1,0,0,1,1,0,0
0,0,1,1,0,0,0
2,1,0,1,0,0,1
1,0,1,0,0,0,1
1,0,0,2,0,0,1
1,1,1,2,0,1,0
1,1,0,1,1,1,0
1,0,0,0,0,0,0
1,1,1,0,1,0,0
1,1,0,2,2,1,1
1,1,1,2,2,1,1
1,1,0,1,0,0,0
1,0,0,1,1,0,1
1,1,1,1,1,0,0
2,1,0,2,0,1,1
1,1,0,2,0,0,0
1,0,0,1,0,0,0
2,1,0,1,2,0,0
2,1,0,1,0,0,1
2,0,1,0,1,1,1
2,0,0,0,0,0,1
2,1,0,0,0,0,0
1,1,0,2,0,1,1
1,1,1,1,0,0,0
1,0,1,2,0,0,0
1,1,0,2,2,1,0
1,0,0,0,1,0,0
2,1,0,2,2,0,0
0,1,0,1,1,0,0
1,1,1,1,2,1,0
1,0,0,0,0,0,0
2,1,0,0,0,0,1
1,1,0,2,2,1,1
2,1,0,0,1,0,0
1,1,0,1,0,0,1
1,0,0,2,0,1,0
1,1,0,1,0,0,1
0,1,0,0,0,0,0
1,1,0,2,0,0,0
1,1,0,0,1,1,1
1,1,0,0,1,1,1
1,1,0,2,0,0,0
1,0,0,2,1,0,0
2,0,0,1,0,0,1
1,1,0,2,1,1,0
1,0,0,2,0,1,1
1,1,0,0,0,0,0
0,0,0,1,1,1,1
1,1,0,2,1,1,1
1,1,0,2,1,0,1
0,0,0,1,1,1,0
0,0,1,1,0,1,1
1,0,0,1,0,1,0
0,1,1,2,0,1,1
1,0,0,1,0,0,0
0,1,0,1,2,1,0
1,1,0,1,0,1,0
1,1,0,2,1,0,0
1,0,0,1,1,0,1
1,1,1,1,1,0,0
0,1,0,0,0,0,0
2,1,1,0,0,0,0
0,1,1,0,0,1,0
2,1,1,0,0,0,0
2,1,0,2,2,1,0
1,1,0,0,0,0,1
1,1,0,0,2,1,1
1,1,0,2,0,1,0
0,0,0,1,0,1,0
0,1,1,1,0,0,1
1,1,0,1,2,0,0
1,1,0,1,1,0,1
1,0,1,1,0,0,0
1,0,0,2,2,0,0
2,1,0,1,1,1,0
1,1,0,0,1,0,0
1,1,0,1,0,0,1
1,0,0,1,0,1,0
2,0,0,1,1,0,1
2,1,0,2,0,1,1
2,1,0,1,1,0,1
0,0,0,0,0,1,0
1,0,0,1,1,1,0
1,0,0,2,0,0,1
0,1,0,1,1,1,0
1,0,0,2,0,0,0
0,1,0,0,0,1,1
1,1,0,2,0,1,0
1,1,0,1,1,0,0
1,1,0,2,0,1,0
1,0,0,1,0,1,1
2,1,0,1,0,0,1
0,0,1,0,0,0,0
0,1,0,1,1,0,0
0,0,0,2,0,1,0
2,1,0,0,0,0,1
1,0,0,2,0,1,0
1,1,0,2,1,0,1
1,1,1,2,0,0,0
1,0,0,0,0,0,0
1,0,0,0,0,1,1
1,0,0,1,0,1,1
1,1,1,0,1,0,1
1,1,0,0,1,0,0
0,1,0,0,0,1,0
2,0,1,0,0,0,1
2,0,0,0,0,0,1
1,1,0,2,0,0,0
0,1,0,0,1,1,0
2,1,0,2,2,0,1
1,1,0,2,2,0,1
0,1,0,1,1,1,0
2,1,0,2,0,1,1
1,0,0,1,0,1,1
2,1,0,1,2,0,0
1,1,1,0,1,0,0
1,0,1,1,1,1,1
1,1,0,1,0,0,1
0,1,1,0,0,1,0
1,0,0,0,0,0,1
0,1,0,0,0,0,0
1,1,0,1,1,1,0
1,1,0,0,0,0,0
1,0,1,0,0,0,1
1,1,1,1,1,0,0
1,1,0,2,0,1,0
0,1,0,1,0,0,0
2,1,0,1,0,0,0
1,1,0,0,0,0,1
0,1,0,1,0,1,0
0,1,1,0,0,0,1
2,0,0,0,0,0,1
0,1,0,1,0,0,1
1,0,0,2,0,1,0
0,1,0,0,0,0,1
0,1,1,0,1,1,0
2,1,0,1,0,0,0
1,0,0,1,0,0,0
2,0,1,0,0,0,1
1,0,1,0,2,0,0
0,1,0,1,2,1,0
1,1,0,0,0,0,1
0,1,0,1,0,0,0
0,0,0,1,0,1,1
2,1,0,2,2,0,0
0,1,0,2,2,1,0
0,1,0,0,1,1,0
1,0,0,1,0,0,1
2,0,1,1,1,1,1
1,1,0,0,1,1,1
1,1,0,2,2,1,0
2,0,1,1,0,0,1
0,1,1,0,0,0,0
1,1,0,1,0,0,0
1,0,0,1,0,0,0
0,0,0,1,1,0,1
1,1,0,2,0,1,0
0,1,0,2,2,1,0
0,0,0,1,0,0,1
1,1,0,2,1,1,0
1,1,0,1,0,0,0
2,1,0,1,0,0,0
2,1,0,1,2,0,0
1,1,0,2,0,0,0
2,1,0,2,2,1,1
2,0,1,0,0,0,1
1,1,0,2,1,1,0
1,1,0,2,1,0,0
1,0,0,1,0,0,1
2,1,0,2,0,1,1
1,1,0,2,0,1,0
1,1,0,1,0,0,0
0,0,0,0,1,1,0
1,1,0,2,1,0,0
1,1,0,0,0,0,1
2,1,0,1,0,0,1
2,1,0,2,2,0,0
1,1,0,2,1,1,0
2,1,0,2,2,1,1
1,1,0,1,0,0,0
1,0,1,0,0,0,1
2,0,0,0,0,0,1
0,1,1,0,0,0,0
1,1,1,1,0,1,0
2,1,0,2,2,0,0
1,0,0,0,0,1,1
0,1,0,0,0,0,1
2,0,1,1,1,0,1
1,0,0,2,0,1,0
0,1,0,1,2,1,1
1,1,0,2,0,1,0
0,1,0,0,0,1,0
1,0,0,0,0,1,1
1,1,0,2,2,0,0
2,0,0,2,0,1,0
0,1,0,1,0,0,0
1,1,0,0,0,0,1
2,1,0,1,2,1,0
1,0,0,1,0,0,1
1,1,0,1,0,0,0
0,1,0,1,1,1,1
1,1,0,0,0,0,1
1,1,0,1,0,0,0
0,1,1,1,2,1,0
0,1,0,1,0,1,1
1,0,0,1,0,0,1
0,1,1,0,0,0,1
1,0,0,0,0,0,1
0,1,0,1,2,1,0
0,0,0,1,0,1,0
2,1,0,2,0,0,1
2,1,1,1,0,0,0
1,0,0,1,0,0,0
1,1,0,2,0,0,0
0,0,0,0,0,0,1
2,1,0,2,1,0,0
2,1,1,1,0,1,0
1,0,0,0,0,1,1
1,0,0,2,0,1,0
2,1,1,2,1,0,0
1,0,0,1,1,1,0
1,1,0,1,0,1,0
2,1,0,2,0,1,1
1,1,0,1,1,1,1
2,1,0,2,2,1,0
1,1,0,2,0,1,0
1,1,0,2,0,0,0
2,1,0,1,0,0,1
1,1,0,0,0,0,0
0,1,0,2,1,0,0
2,1,0,2,0,1,0
1,1,0,2,1,1,0
0,1,1,2,0,1,0
2,0,0,1,0,0,0
2,0,0,2,0,1,0
0,0,0,1,0,1,1
1,0,0,1,0,0,0
0,1,0,1,0,1,0
2,1,0,0,1,0,1
1,1,0,1,1,0,1
2,1,0,1,0,0,1
1,1,0,2,0,1,1
2,1,0,0,0,0,1
2,1,0,1,0,1,1
0,1,1,2,0,1,1
0,0,0,1,1,1,1
1,0,0,1,2,0,0
1,1,0,1,0,0,0
1,0,1,0,0,0,1
1,1,0,2,1,1,1
1,0,0,0,1,1,1
2,0,0,0,0,0,0
1,1,0,2,1,1,0
2,0,1,0,0,0,1
1,1,0,0,0,0,0
1,1,0,2,1,1,0
1,0,0,1,0,1,1
2,1,0,2,1,1,0
1,1,0,1,0,0,1
2,0,0,1,0,0,1
1,1,0,1,1,0,1
1,1,0,1,2,0,0
2,0,0,2,0,0,1
1,0,1,2,0,0,0
1,0,1,0,0,0,0
2,0,1,0,0,0,1
1,0,0,1,0,0,0
1,1,1,2,0,0,0
2,1,0,2,0,1,0
1,1,0,2,0,1,0
0,1,0,0,0,0,1
2,1,0,1,2,1,1
2,0,0,0,1,1,0
2,0,0,2,0,0,0
0,1,0,0,0,1,0
1,1,0,2,0,1,1
0,1,0,0,1,0,1
0,0,0,0,2,0,1
1,1,0,2,0,0,1
1,0,0,1,0,1,0
1,1,0,0,0,0,0
1,1,0,2,1,1,0
1,1,0,1,0,1,1
0,1,0,0,0,1,1
1,1,0,0,1,0,1
1,1,0,0,0,0,0
1,1,0,2,1,1,0
0,0,0,2,2,1,1
0,1,0,2,1,1,1
2,0,0,1,0,0,1
1,1,0,2,0,1,0
2,1,0,1,0,1,1
1,0,0,1,0,0,0
1,1,0,0,2,0,0
0,1,0,1,0,0,1
1,1,0,2,0,0,0
2,1,0,2,1,0,0
1,1,0,1,2,0,0
1,1,0,1,0,1,0
0,1,0,1,1,1,0
2,0,0,1,0,0,1
0,1,0,1,1,1,0
2,0,0,1,0,0,0
1,1,0,0,1,0,0
1,1,0,1,0,0,1
1,1,0,2,1,1,0
1,0,1,0,0,0,0
0,1,0,1,1,0,0
1,1,0,1,1,1,1
1,1,0,2,1,0,1
1,0,0,2,1,1,0
1,0,0,2,2,0,1
1,1,1,2,1,1,0
1,0,0,0,0,0,1
1,1,0,2,0,0,0
1,0,1,0,0,0,0
0,1,0,1,2,0,1
2,0,1,1,0,1,1
2,1,0,2,1,1,1
1,1,0,2,1,1,1
2,0,0,0,0,1,1
2,0,1,0,0,0,1
1,1,0,2,0,1,0
0,0,1,0,0,0,1
0,0,0,1,0,0,1
0,1,0,2,1,1,0
0,1,0,2,2,1,0
1,1,0,2,1,0,0
1,0,0,0,0,0,0
0,1,1,0,0,0,1
1,0,0,0,0,0,0
0,1,1,0,0,0,1
0,1,0,1,0,0,0
1,0,0,1,0,1,0
1,0,0,1,0,1,0
2,1,0,2,1,1,0
1,1,0,0,0,0,0
0,1,0,2,0,1,0
1,1,1,1,0,0,0
1,0,0,1,1,0,0
1,1,0,2,0,1,1
1,0,0,1,2,0,0
2,0,1,0,0,0,1
1,0,0,1,0,0,1
1,0,0,2,0,1,0
1,1,0,0,0,0,1
0,1,0,0,1,1,0
1,1,0,2,1,1,0
2,0,0,0,0,0,1
1,0,0,1,1,1,1
1,1,0,2,1,0,0
1,0,0,2,2,0,0
2,0,0,2,1,1,0
0,1,1,1,1,0,1
0,0,1,0,1,0,0
0,1,1,1,1,1,1
1,0,0,1,0,0,0
1,0,0,0,0,0,0
2,1,0,2,0,1,0
0,1,0,2,0,1,0
0,1,0,2,2,1,0
1,1,0,1,0,1,1
1,0,0,2,0,0,1
1,1,0,1,0,0,1
0,1,0,1,1,1,1
1,1,0,0,0,0,0
1,1,0,2,2,1,0
1,1,1,0,0,1,1
2,1,1,2,0,1,0
2,0,1,0,0,1,1
0,1,0,0,0,0,0
0,1,1,0,0,0,0
1,1,0,0,0,0,0
0,1,0,1,1,1,1
0,1,0,1,1,1,1
1,1,0,1,1,1,1
1,1,0,2,2,1,0
1,1,1,2,0,0,0
2,1,1,1,0,0,1
0,1,0,2,2,0,0
1,1,0,1,1,1,1
1,1,0,0,0,1,0
0,1,0,1,1,1,0
1,1,1,2,1,1,0
1,1,0,2,2,1,0
1,1,0,1,0,1,1
1,1,0,2,1,1,0
2,1,0,2,0,0,0
0,1,0,1,0,0,0
1,0,0,1,1,1,0
2,0,0,1,1,1,0
1,0,0,0,0,0,0
1,1,1,0,2,0,0
2,0,0,1,0,0,1
0,1,0,0,1,0,0
1,1,0,2,1,0,0
1,1,0,2,1,0,1
1,0,0,1,2,0,0
1,0,1,0,0,0,0
2,1,1,1,1,0,1
1,0,0,0,0,0,0
1,0,0,0,0,1,0
2,1,0,2,0,1,0
0,1,0,1,2,0,0
1,0,1,0,0,0,1
1,1,1,2,2,1,1
0,0,0,1,1,1,0
1,1,0,1,0,0,0
2,1,0,1,1,1,1
1,1,0,2,1,1,0
1,1,1,1,0,0,0
1,1,0,2,0,0,0
1,0,0,2,0,0,0
1,0,0,1,2,0,0
1,1,0,2,0,1,0
2,1,0,1,0,0,1
1,0,0,1,0,1,0
0,1,0,1,2,0,0
1,1,0,2,2,1,0
2,1,0,1,0,1,1
2,1,0,2,1,1,0
1,0,0,1,0,0,0
0,0,0,1,0,0,0
1,1,0,1,0,0,0
2,1,0,0,0,0,0
1,1,0,2,0,0,0
1,0,0,2,0,1,0
1,1,0,2,0,1,0
1,1,0,1,0,0,1
2,1,1,2,2,1,1
2,1,0,1,0,0,1
1,1,0,2,0,0,0
1,1,0,0,0,0,0
2,1,1,1,2,0,1
0,1,0,0,0,1,0
1,1,0,2,2,1,0
1,0,0,1,2,0,0
2,1,0,2,0,1,0
2,0,0,0,0,0,0
0,1,0,1,1,0,0
1,1,0,1,1,1,1
2,1,0,0,0,0,1
1,0,0,0,1,1,1
0,0,0,0,0,0,1
1,1,0,0,0,1,1
2,0,0,0,0,0,1
1,0,0,1,0,0,1
0,1,0,1,0,0,1
0,1,0,0,0,0,0
1,1,0,2,0,1,1
1,1,0,1,0,0,1
0,1,0,1,1,1,1
2,1,0,0,1,1,0
1,1,1,2,2,1,0
2,1,0,1,0,0,0
2,1,1,1,1,0,1
0,1,0,2,1,1,0
0,1,0,0,0,0,0
1,1,0,0,0,0,0
0,1,0,0,0,0,0
2,1,0,2,0,0,0
1,1,0,2,0,1,0
0,1,0,0,0,0,0
0,0,1,0,0,0,1
1,1,0,2,0,1,1
0,1,0,0,0,1,0
2,1,1,0,0,0,1
0,1,0,1,1,0,1
1,0,0,2,0,1,0
1,0,1,1,0,0,0
2,1,0,2,1,0,0
1,0,0,2,1,0,0
1,1,1,0,1,0,0
0,1,0,0,0,1,0
1,1,1,1,0,0,0
0,1,0,1,0,1,0
1,1,0,2,1,1,0
2,1,1,2,2,1,0
0,1,1,1,1,1,1
0,1,1,0,0,0,0
2,1,0,2,1,1,1
2,1,1,0,0,0,0
0,1,1,0,0,0,0
1,1,0,2,1,1,0
1,1,0,2,0,0,0
1,1,0,2,0,1,0
1,0,0,1,0,0,0
1,0,0,1,0,0,0
1,0,0,0,0,0,0
1,1,0,2,0,1,0
1,0,0,0,0,0,1
2,0,0,0,0,0,1
1,1,0,2,0,0,0
1,1,1,2,0,0,0
0,0,0,1,0,1,1
0,1,0,1,0,1,1
0,1,0,0,0,1,1
2,1,0,2,2,0,0
2,1,0,0,1,0,1
1,1,1,1,1,0,0
1,0,0,0,0,0,1
0,1,0,1,0,1,0
1,0,0,1,0,0,1
0,1,0,0,0,1,0
1,1,0,2,1,1,0
2,0,0,0,0,0,0
1,1,0,1,2,1,1
2,0,0,1,2,0,1
0,1,0,0,0,0,1
0,0,1,1,0,1,0
1,0,1,1,0,0,0
1,1,0,1,0,0,1
1,1,0,1,0,1,0
1,0,1,0,0,0,0
1,1,0,0,0,0,0
1,1,0,2,2,1,0
0,0,1,1,0,1,1
0,1,0,1,1,1,0
1,1,1,1,2,0,1
1,1,0,2,0,0,0
0,1,0,0,0,0,0
1,0,0,0,1,0,1
1,1,0,2,0,0,1
2,0,0,2,2,0,0
1,1,0,2,1,1,0
1,0,0,0,0,0,0
1,0,1,1,0,1,1
1,0,0,2,0,1,0
1,1,0,2,2,0,0
1,0,0,1,2,1,1
1,0,0,0,0,0,1
2,1,0,1,0,0,1
1,0,0,1,0,1,0
0,1,1,1,0,0,0
1,0,0,1,0,0,1
1,1,0,2,0,1,0
1,1,0,2,1,0,0
1,1,0,1,1,1,0
2,1,0,2,0,1,0
0,0,0,1,0,1,0
2,0,0,2,2,1,0
1,1,0,2,1,1,1
2,0,0,2,1,1,0
1,0,0,2,0,0,0
2,0,0,2,0,0,1
1,1,0,1,2,1,0
1,0,0,1,0,0,0
0,0,1,0,0,1,0
1,1,0,2,1,1,0
2,1,0,0,0,0,1
0,0,0,1,0,1,0
1,0,0,2,2,1,1
1,0,1,1,0,1,1
0,1,0,1,0,0,0
0,1,0,1,1,1,0
0,1,0,1,0,1,1
1,0,0,2,0,1,0
2,1,0,1,1,0,1
0,1,0,2,0,1,0
1,1,0,0,0,0,1
2,1,0,0,0,0,1
0,0,0,2,1,0,0
0,0,1,0,0,0,1
0,1,0,1,1,1,0
1,1,0,1,2,0,0
1,0,0,2,1,0,0
1,1,0,2,2,1,0
0,1,1,1,0,0,1
1,1,0,0,1,1,0
1,0,0,2,1,1,0
0,1,0,0,1,0,0
1,1,0,2,0,1,0
2,0,0,2,2,1,0
1,1,1,2,0,0,0
1,1,0,0,1,0,1
2,1,1,0,0,0,0
0,1,0,1,1,0,0
1,0,1,1,0,0,0
0,1,0,1,1,1,1
1,1,0,1,1,0,1
0,1,0,2,0,1,0
1,1,0,1,0,0,0
1,0,1,2,2,0,1
2,1,0,1,0,0,1
1,1,0,1,0,0,0
2,1,0,1,0,0,0
0,0,0,1,0,1,1
1,1,0,2,2,0,0
1,1,1,1,0,1,1
1,1,1,1,2,0,0
1,1,0,2,1,1,0
1,1,0,0,2,1,1
2,1,0,1,1,1,1
1,0,0,1,1,1,0
1,1,0,1,0,1,0
1,0,0,2,1,1,0
1,0,1,0,0,0,1
1,1,0,0,0,1,0
1,0,0,2,0,0,1
1,0,1,1,1,0,1
2,0,1,0,0,0,1
0,1,0,0,0,0,1
1,0,0,2,2,1,0
0,1,0,1,1,1,0
2,1,0,1,1,1,0
1,0,0,0,0,0,0
2,1,0,1,0,0,1
1,0,0,2,2,1,0
2,1,1,1,0,1,1
2,1,0,1,0,1,0
0,1,0,1,1,1,0
1,1,0,2,1,1,0
2,0,0,1,2,0,0
1,1,0,1,0,0,1
2,0,0,0,0,0,0
0,1,0,2,1,1,0
1,0,0,2,1,1,0
1,1,0,1,1,0,0
1,0,1,1,0,0,1
2,1,0,2,1,1,1
1,1,0,2,0,1,0
0,1,0,1,0,0,0
1,1,0,2,0,1,0
1,1,0,1,1,0,1
0,1,0,1,2,0,0
1,0,0,1,0,1,0
0,1,0,2,0,1,0
1,1,1,0,0,0,1
0,1,0,0,0,0,1
1,0,0,1,0,1,0
2,1,0,0,1,1,0
1,1,0,2,1,1,0
1,1,0,1,0,0,1
1,1,0,2,0,0,1
0,0,0,0,0,0,1
0,0,1,0,1,1,1
2,1,0,0,0,0,0
1,1,0,2,0,1,0
0,0,0,0,0,0,1
0,1,0,1,0,1,0
1,0,0,2,1,1,0
1,1,0,2,1,1,0
2,0,0,2,2,1,0
0,0,0,1,1,1,1
1,1,0,1,1,0,1
1,0,0,0,0,1,0
0,1,1,0,0,0,0
2,0,0,2,0,1,0
1,1,0,0,0,0,0
0,0,1,2,1,0,0
1,0,0,1,1,0,0
1,1,0,2,0,1,1
0,0,0,1,0,1,0
1,0,0,2,2,1,0
1,0,0,2,0,1,0
1,1,1,1,1,0,0
0,1,0,1,0,1,0
1,1,0,2,0,0,1
2,1,0,1,0,0,1
1,1,0,2,0,1,0
1,0,0,0,0,0,1
0,1,0,0,0,1,0
1,1,1,2,2,1,1
0,0,1,0,0,0,0
1,0,0,0,0,0,0
2,0,0,1,2,0,0
1,1,0,2,1,1,0
2,0,0,2,0,0,0
1,1,0,1,2,1,0
0,1,0,1,1,0,1
0,0,0,1,0,0,0
1,1,0,2,0,0,0
1,0,1,2,2,1,0
1,1,0,1,0,0,0
1,1,0,1,1,0,0
1,1,0,1,2,0,0
1,1,0,2,0,0,1
1,1,0,1,1,0,0
1,1,0,0,0,0,0
1,0,0,2,1,1,0
1,0,0,2,0,1,0
1,1,0,1,0,0,0
1,1,0,2,0,1,0
0,1,0,1,0,1,0
2,1,0,1,0,0,1
1,1,0,2,1,1,0
2,1,1,0,0,0,0
1,0,1,1,0,0,0
0,0,0,1,0,0,1
2,1,1,2,0,0,0
1,1,0,2,0,1,0
2,1,0,2,1,0,0
1,0,1,2,1,1,0
2,1,0,0,0,0,1
1,1,0,1,1,0,0
0,0,0,1,2,0,0
1,0,0,1,0,1,0
1,0,0,2,1,1,0
2,0,0,1,0,0,0
1,1,0,1,1,0,1
2,0,0,2,1,0,1
2,1,0,1,0,0,1
1,0,0,1,1,1,0
1,0,0,0,0,1,0
2,0,1,0,0,0,1
0,0,1,0,0,0,0
2,1,0,2,2,1,0
1,1,0,1,0,1,0
1,1,0,0,0,0,0
1,0,1,0,0,0,1
1,0,0,1,0,1,1
1,0,0,1,0,0,0
1,0,0,2,0,1,0
1,1,1,0,0,0,0
1,1,1,2,1,1,0
2,0,1,2,0,1,1
2,1,0,2,0,0,0
1,1,0,1,0,0,0
1,1,1,0,0,0,1
2,1,0,0,0,0,1
2,1,0,1,0,0,0
2,1,0,2,2,0,0
0,1,0,2,1,1,0
0,1,0,0,0,1,0
1,1,0,0,0,1,0
0,1,1,1,1,0,0
1,1,0,1,1,0,0
2,1,1,2,0,0,1
2,1,0,1,2,1,1
1,1,0,2,2,1,0
1,1,0,1,0,0,1
1,1,0,1,0,0,0
2,1,0,2,0,1,0
2,0,0,1,0,0,1
1,0,0,1,0,0,1
1,1,0,0,0,0,1
0,1,1,1,0,1,0
2,1,0,0,0,0,1
2,1,0,1,1,1,0
2,1,0,1,1,0,1
1,0,0,2,1,0,1
0,0,0,1,0,1,0
1,1,0,0,0,0,0
1,1,0,2,2,1,0
1,0,0,1,1,0,1
1,0,0,1,2,0,0
2,1,1,1,0,1,1
0,0,0,0,0,1,1
1,0,0,2,0,0,0
1,1,1,2,1,1,1
0,1,0,1,0,1,0
0,1,1,0,0,0,0
1,0,0,2,1,1,1
0,1,0,1,1,0,0
2,0,1,1,1,0,1
2,1,0,1,0,0,0
2,1,0,2,1,0,1
2,1,0,2,0,0,0
1,1,0,1,0,0,1
1,0,1,2,0,1,0
0,1,1,1,1,0,1
0,1,1,1,1,1,0
0,0,0,2,2,1,0
2,0,0,1,0,1,1
1,0,0,2,1,0,1
2,0,0,1,0,0,1
0,0,1,0,0,0,1
1,1,1,1,0,0,1
1,0,0,0,0,1,0
0,1,0,1,0,1,0
1,1,0,2,0,1,0
2,0,1,0,0,1,1
1,1,0,2,2,0,0
1,0,0,2,0,1,0
0,1,0,0,0,0,0
1,0,0,2,1,1,0
1,0,0,0,0,0,1
1,0,1,0,0,0,1
1,1,0,1,2,0,1
1,1,0,2,1,1,0
1,1,0,2,1,0,1
1,1,0,2,0,1,0
1,1,0,2,2,1,0
2,1,0,1,0,1,0
2,1,0,1,1,1,1
2,1,1,1,0,0,0
1,0,0,2,0,1,1
1,0,0,1,0,1,0
2,1,0,2,0,0,0
2,1,0,1,2,0,1
2,0,1,2,1,0,1
1,0,1,0,2,0,1
1,0,0,0,0,0,1
0,1,1,0,0,0,0
1,1,1,2,1,0,0
0,1,0,2,2,1,0
1,0,0,1,2,1,1
1,0,0,1,1,0,1
2,0,1,0,0,0,1
0,1,0,0,0,1,1
2,1,1,0,1,0,1
1,0,0,0,0,0,1
0,1,1,0,0,0,0
2,1,1,1,1,1,1
1,0,0,0,0,0,1
1,0,0,2,1,1,1
1,1,0,2,1,1,1
1,0,1,0,0,0,1
0,0,0,1,0,0,0
2,1,0,0,0,0,0
0,1,0,1,0,1,0
0,0,0,1,0,0,1
0,1,0,0,0,1,0
0,1,1,1,1,0,0
1,1,1,1,1,0,0
1,0,0,1,0,0,1
1,0,0,2,0,0,0
0,1,0,0,0,0,0
1,1,0,2,0,1,0
2,1,0,1,0,0,0
0,1,0,0,0,1,0
1,1,1,1,1,1,0
1,1,0,2,2,1,0
2,0,0,2,0,0,0
0,0,1,0,0,0,0
1,0,0,0,0,0,1
1,0,0,1,2,0,0
1,1,0,2,1,1,0
1,1,1,1,1,1,1
1,1,1,2,0,1,1
1,1,1,2,0,1,0
2,1,0,1,0,0,0
1,0,1,1,0,0,1
1,1,0,1,1,1,1
2,0,0,1,2,0,1
1,1,0,2,1,0,0
1,1,1,0,0,0,1
0,0,0,0,1,1,0
1,1,1,1,0,0,0
1,1,0,0,1,0,1
2,1,1,2,2,0,1
1,0,1,1,0,0,1
2,1,0,2,0,1,1
1,1,1,1,0,0,0
0,1,0,1,1,0,0
1,0,0,0,1,0,0
1,1,0,0,1,1,1
1,1,0,2,1,1,0
1,1,0,2,2,1,0
1,1,0,2,0,1,0
1,1,0,0,2,0,1
1,1,0,1,0,0,0
0,1,0,1,0,0,1
1,0,1,0,1,0,0
0,1,0,1,1,1,1
1,1,0,1,1,1,0
1,0,0,0,1,1,0
1,1,0,1,0,1,0
1,0,0,1,1,0,0
1,1,0,0,1,0,1
0,0,0,0,0,0,0
2,0,0,0,0,0,1
0,1,0,0,0,0,0
1,1,1,1,1,1,0
1,0,0,0,0,0,0
1,1,1,1,1,0,1
1,0,1,1,0,0,1
1,0,0,1,1,1,1
2,0,1,1,1,0,1
0,0,0,1,0,1,0
0,1,0,0,0,0,0
1,0,1,0,0,1,0
0,1,0,2,1,1,0
2,1,0,2,0,0,0
1,0,0,2,1,0,0
1,0,0,1,0,1,0
0,0,0,2,0,0,1
1,0,0,0,0,1,0
1,1,0,2,2,1,0
0,1,0,1,0,1,1
1,1,0,2,2,1,1
1,1,1,0,1,1,1
1,1,0,1,0,0,0
1,0,0,1,0,0,1
0,1,0,1,0,1,0
0,0,0,0,0,1,1
2,0,0,0,0,0,1
2,1,0,1,0,1,1
0,1,0,0,0,0,0
0,1,0,0,1,0,0
1,1,0,2,2,1,0
2,1,1,1,1,0,1
2,1,0,1,0,0,1
1,1,1,0,0,1,1
1,1,1,2,1,1,0
1,0,0,2,1,1,1
0,1,0,0,2,1,0
2,0,1,2,0,0,1
1,1,0,2,0,1,0
2,0,1,1,0,0,1
1,0,0,0,0,0,1
1,0,1,1,0,0,1
0,1,0,0,0,1,1
1,0,0,0,0,0,0
1,0,0,1,0,0,1
0,1,0,0,2,1,0
1,1,0,0,0,0,0
2,1,0,2,0,0,1
0,1,0,1,0,0,0
0,0,0,0,0,0,0
1,0,0,1,0,1,1
1,0,0,0,0,0,1
1,1,0,1,0,1,1
1,1,1,2,1,1,0
1,1,1,1,2,0,0
1,1,0,1,1,0,0
2,0,0,0,0,0,1
1,1,0,1,0,0,0
0,1,0,2,0,1,1
1,1,0,1,1,0,0
1,1,0,0,0,0,0
0,1,1,0,1,1,0
2,0,0,1,0,0,1
2,0,0,2,0,0,1
2,1,0,2,0,1,0
1,1,0,2,1,1,0
1,1,0,0,1,1,1
1,0,0,2,1,1,1
2,1,0,2,2,1,1
1,0,0,0,0,0,0
2,0,0,2,0,0,1
0,1,0,0,1,1,0
1,0,0,2,0,1,0
1,0,0,0,0,0,0
1,0,0,0,0,0,1
0,1,0,2,2,1,0
0,1,0,1,1,1,0
2,1,1,2,1,0,1
1,1,0,2,2,1,0
1,1,0,0,1,1,0
1,1,0,1,0,0,0
2,1,1,1,2,0,0
1,1,0,1,0,0,1
1,1,0,0,0,1,0
1,1,0,2,2,1,0
1,0,0,0,0,0,0
2,1,1,2,0,0,0
0,0,1,1,0,0,1
1,0,0,2,0,1,0
0,1,0,1,2,1,0
1,1,1,1,2,1,0
1,1,0,0,1,1,1
1,1,0,1,0,0,1
0,0,0,0,0,0,0
1,1,0,0,0,0,1
0,1,0,2,1,0,0
1,1,0,2,2,0,0
1,1,0,2,0,1,0
0,1,0,0,1,1,0
1,1,0,1,2,1,0
1,1,0,1,0,1,0
2,1,0,1,0,0,0
2,1,0,2,0,1,0
1,0,0,1,0,0,1
1,1,0,2,0,0,1
0,1,0,0,2,0,0
1,0,0,1,2,0,0
1,0,0,2,0,1,0
2,0,1,1,1,0,1
0,0,1,0,1,0,1
1,1,0,2,1,1,0
1,0,0,1,0,0,0
1,1,0,2,0,1,1
1,0,0,1,1,0,0
0,1,0,1,1,1,0
1,1,0,0,2,1,1
0,0,0,1,0,1,0
1,1,0,0,0,0,0
0,0,1,0,0,0,0
2,1,0,2,1,0,0
1,0,1,0,0,0,1
1,0,0,1,0,0,0
2,1,0,0,0,0,1
2,1,0,2,0,1,1
2,0,1,0,0,0,1
1,1,1,1,0,0,0
1,0,0,0,0,0,1
1,1,0,2,0,1,1
1,1,0,1,0,1,0
0,1,0,0,0,1,0
1,1,0,0,0,0,1
0,1,0,1,0,0,0
1,0,0,0,0,0,0
0,1,0,1,0,1,0
1,0,0,0,0,0,1
1,1,0,1,1,0,0
1,1,1,2,0,0,0
1,0,0,1,1,1,1
1,0,0,2,0,0,1
0,1,0,2,0,1,1
1,0,0,2,0,1,0
1,1,0,1,0,1,0
0,1,0,0,0,0,0
2,0,0,1,1,1,1
1,1,0,0,0,0,0
0,0,0,1,0,0,0
1,1,0,2,0,1,0
2,1,1,1,1,0,1
1,1,0,0,1,1,1
1,1,1,0,0,1,1
0,1,0,1,2,1,0
1,1,0,0,0,0,0
1,1,1,2,1,1,0
1,1,0,0,1,1,0
1,1,0,1,1,1,0
1,0,0,1,1,1,1
1,1,1,1,0,0,0
0,1,0,1,1,1,0
2,1,0,2,1,0,1
2,1,0,1,0,1,1
0,0,1,1,1,1,0
2,0,0,1,0,0,1
1,0,0,0,0,0,1
1,0,1,0,0,0,0
1,1,0,0,0,0,1
2,0,0,0,0,1,0
1,1,1,2,0,1,0
1,1,0,1,0,0,1
0,1,0,1,0,0,0
0,1,0,1,1,0,0
1,0,0,1,0,1,1
1,1,0,1,0,1,0
2,0,0,2,0,0,0
1,1,0,2,2,1,0
1,1,1,1,2,1,0
1,0,0,0,0,0,0
0,0,0,2,1,1,1
1,1,0,1,1,1,1
0,0,0,0,0,1,0
1,1,1,2,0,1,1
1,0,1,1,1,0,0
1,1,0,2,0,1,0
2,0,0,2,1,0,0
1,1,0,2,1,1,0
2,1,0,1,1,0,1
2,1,1,1,0,0,1
0,0,1,0,0,0,0
1,0,0,1,2,0,0
2,1,0,2,0,1,0
1,1,0,1,0,1,0
0,1,0,2,0,1,0
1,1,1,1,1,1,0
0,1,0,1,2,1,0
1,1,0,1,0,0,0
1,1,0,1,0,0,1
1,0,1,1,0,0,0
2,0,0,2,0,1,0
2,0,0,1,0,1,1
2,0,0,1,0,0,0
0,1,1,1,1,0,1
1,0,0,1,0,1,1
0,1,0,1,1,1,0
0,0,0,2,1,1,0
0,1,0,1,0,1,1
1,1,0,2,1,0,1
1,1,0,2,0,1,0
0,1,0,2,0,0,0
1,0,1,2,1,0,1
1,1,0,2,0,1,0
2,0,0,0,0,1,1
2,1,1,1,2,0,1
0,1,0,1,2,0,0
1,1,0,2,2,1,0
0,1,1,1,0,0,0
1,1,0,2,2,1,0
2,1,0,0,2,0,1
0,1,1,0,0,1,1
1,1,0,2,1,0,0
2,1,1,1,0,0,0
0,0,0,0,0,1,0
1,1,1,2,0,0,1
2,1,1,1,2,0,0
1,1,0,2,1,1,0
2,0,0,2,2,1,1
1,0,0,2,1,1,1
2,0,0,0,0,1,1
1,0,0,1,0,0,0
0,1,0,2,2,1,0
1,1,0,1,2,0,0
1,0,0,2,0,1,0
1,0,0,0,0,0,1
1,1,0,2,0,0,0
1,0,0,2,0,1,0
0,0,1,1,1,1,1
1,1,0,1,0,1,0
2,0,0,1,0,0,1
1,1,0,0,0,0,1
1,1,0,0,0,0,1
0,1,0,0,0,0,1
0,1,0,2,0,1,1
1,1,0,2,0,1,1
2,1,0,2,1,1,1
0,1,0,2,2,1,0
1,0,1,0,0,0,1
2,0,0,1,0,0,1
2,0,0,2,1,0,1
1,1,0,1,0,0,0
2,0,0,1,1,0,0
2,0,0,0,0,0,1
1,1,0,2,1,1,0
0,1,0,0,0,1,1
0,1,1,0,0,1,0
1,0,0,2,2,1,0
1,1,0,2,0,0,0
1,1,0,2,0,0,0
2,1,0,2,2,1,0
1,1,0,2,2,1,0
2,1,0,0,0,0,1
1,1,0,2,1,1,0
0,1,0,1,1,1,0
1,1,1,1,2,1,1
1,1,1,2,0,0,0
2,1,0,1,0,0,1
0,0,1,1,1,1,0
2,1,0,1,1,0,0
1,0,0,2,0,1,0
2,0,0,0,0,0,0
2,0,0,0,0,0,1
0,1,0,0,1,1,0
0,0,0,0,0,1,0
2,1,0,2,0,1,1
1,0,0,1,2,0,0
2,0,1,1,1,1,1
1,1,0,2,0,0,1
2,1,0,1,1,0,1
1,1,1,1,2,1,1
1,0,1,0,0,0,0
1,0,0,1,0,0,1
2,1,0,0,0,0,0
0,0,0,0,0,0,0
1,1,0,2,1,1,0
2,1,0,2,0,1,0
0,1,1,1,0,1,0
1,0,0,0,1,1,0
0,1,0,0,0,1,1
1,0,0,1,0,0,0
1,1,0,2,0,1,0
1,1,0,2,0,1,0
0,1,0,0,0,0,0
1,1,0,1,1,1,1
2,0,1,0,0,0,1
2,1,1,1,0,0,1
1,1,0,2,0,0,0
1,0,0,1,0,0,0
2,1,0,2,1,1,0
1,1,0,2,2,0,0
0,1,1,0,0,0,0
2,1,1,1,0,0,0
2,0,1,1,0,0,1
1,1,1,2,0,0,0
1,1,0,2,0,0,1
1,0,1,1,1,1,1
2,1,0,0,0,0,1
1,0,0,0,0,1,1
1,0,0,1,2,0,1
1,1,0,1,0,0,0
1,1,0,2,1,1,1
2,1,0,2,1,1,1
1,1,0,2,1,1,0
1,1,0,2,2,0,0
1,1,0,1,1,0,1
2,1,0,2,1,1,0
0,1,1,0,0,0,1
1,1,0,0,0,0,0
2,0,1,1,2,0,0
0,1,0,2,1,1,0
2,0,0,1,1,0,0
1,1,0,2,0,1,0
0,1,0,0,1,1,1
0,1,0,0,1,1,0
2,0,0,0,0,0,1
2,0,1,2,1,1,1
1,1,0,2,0,0,1
1,1,0,0,0,0,0
2,1,0,1,0,1,1
1,0,0,1,2,0,0
2,1,0,2,1,0,0
1,1,0,1,0,0,0
1,1,0,2,0,0,0
2,1,0,2,2,0,0
1,0,0,2,2,0,1
2,1,0,2,2,1,0
1,1,0,2,0,1,0
1,1,0,2,0,1,1
1,1,0,0,0,0,0
1,0,0,2,0,1,0
1,1,0,1,0,0,0
1,0,0,0,0,0,0
2,0,0,0,0,0,1
1,1,1,1,0,0,0
1,0,1,2,0,0,1
1,1,0,1,1,1,0
2,0,1,0,0,1,1
1,1,0,2,0,1,0
1,1,1,2,1,1,1
0,1,1,1,0,1,0
0,1,0,0,0,0,1
2,0,0,1,0,0,1
2,1,0,1,1,1,1
0,1,0,0,0,0,0
1,1,1,2,0,1,0
0,0,0,0,0,1,1
1,0,0,2,0,0,0
0,1,0,1,1,1,0
1,1,0,2,0,1,0
0,1,0,2,2,1,0
1,1,0,2,1,1,0
1,1,0,2,1,0,0
0,1,0,1,0,0,0
1,1,0,2,1,0,0
1,1,0,2,1,1,0
1,1,0,2,1,1,0
0,1,1,1,0,0,0
2,1,0,2,0,0,0
1,1,0,0,0,0,1
2,0,0,0,2,0,1
1,1,0,2,2,1,0
1,0,0,0,0,1,0
0,1,0,0,0,1,0
1,0,0,2,1,0,0
0,0,0,0,0,1,1
2,1,0,1,2,1,1
2,0,0,2,1,0,0
1,0,1,0,0,0,0
2,0,0,1,1,0,1
1,0,1,2,1,1,0
0,1,0,0,0,0,1
2,1,0,1,0,0,1
1,1,0,2,0,1,0
1,1,0,2,1,0,0
1,1,0,2,0,1,1
2,1,0,0,0,0,0
1,1,0,1,0,1,0
2,0,0,1,0,0,0
1,1,0,0,2,0,1
2,1,1,2,1,0,1
0,1,0,0,0,0,0
1,1,0,2,1,0,0
0,1,0,0,1,1,1
1,1,1,1,2,1,1
1,0,0,1,1,0,0
1,0,0,1,1,0,1
2,1,0,2,2,1,0
1,0,0,0,0,0,1
0,1,0,2,0,1,0
1,1,1,1,0,1,0
1,1,1,2,1,1,1
0,1,0,1,1,0,1
1,1,1,1,1,1,1
0,1,0,1,1,1,1
1,0,1,0,0,0,0
2,1,0,1,2,0,1
1,1,0,2,0,1,0
2,0,0,2,0,0,1
1,1,1,2,1,0,1
0,1,0,1,0,0,0
1,1,0,1,1,0,1
0,0,0,1,0,1,0
1,0,0,0,0,1,1
1,1,1,1,1,0,0
2,1,0,1,1,0,0
2,1,0,2,0,0,0
1,1,0,2,0,1,0
1,1,0,2,1,0,0
2,0,1,0,0,0,1
1,0,0,0,0,1,0
1,1,0,2,1,0,0
2,1,0,1,2,0,0
1,0,1,1,1,0,0
1,1,0,1,2,0,0
2,1,0,0,0,0,1
1,1,0,2,1,0,1
2,1,0,0,0,0,0
1,1,0,2,2,1,0
1,1,0,1,1,0,0
1,0,0,2,0,1,0
1,1,0,1,1,1,1
1,1,0,2,0,0,0
2,1,0,0,0,1,0
1,1,0,2,0,0,0
2,1,0,2,1,0,1
2,1,0,2,2,1,0
1,1,0,2,1,1,1
1,1,0,2,0,1,1
0,0,0,0,0,0,1
1,0,0,0,0,0,0
1,1,0,0,0,0,1
1,0,0,1,0,1,1
2,1,0,1,0,0,1
1,1,1,0,0,0,0
2,0,0,2,0,0,0
1,1,0,2,2,0,0
1,0,0,1,0,0,0
0,1,0,0,0,0,0
2,1,0,1,0,0,1
2,0,0,1,2,0,0
1,1,0,1,0,0,1
1,1,1,2,1,1,1
0,1,0,1,0,0,0
1,1,0,0,1,1,0
1,1,1,2,1,1,0
0,1,0,0,0,0,1
1,1,1,1,0,0,1
2,0,0,2,2,0,1
1,1,0,2,0,1,0
1,1,0,2,0,1,0
0,1,0,1,1,0,0
1,1,0,1,0,1,1
0,1,0,1,0,0,1
0,0,0,0,0,0,0
1,0,1,0,0,0,1
1,1,0,0,2,0,0
1,1,0,1,0,0,0
1,1,0,1,0,0,0
2,0,0,0,0,0,1
0,1,1,0,0,0,0
1,0,1,1,0,0,0
2,0,0,0,0,0,1
1,1,0,1,1,1,0
1,0,1,1,0,0,0
2,1,1,2,1,1,1
2,0,0,0,0,0,0
1,1,0,1,0,0,0
2,1,1,0,0,1,1
0,1,0,0,0,0,0
2,1,0,1,0,0,0
1,1,0,0,1,1,0
1,1,1,1,0,0,0
1,1,0,2,1,0,1
1,0,0,2,1,0,0
1,1,0,0,0,1,1
1,0,0,2,0,0,1
1,1,0,2,1,1,1
1,1,1,0,1,1,0
0,1,0,1,2,1,0
1,1,0,2,2,1,0
2,1,0,2,1,1,1
0,1,0,1,1,1,0
2,1,0,2,2,1,0
1,1,0,2,2,1,0
1,1,0,2,0,1,1
1,1,0,2,2,1,0
1,1,0,2,0,1,0
1,1,1,1,2,1,1
1,1,0,0,0,0,1
2,0,0,1,0,1,1
0,1,0,1,2,1,1
1,0,0,0,0,0,1
1,0,0,2,0,0,0
1,1,0,2,1,0,0
2,0,0,0,1,0,1
1,1,0,2,0,1,0
1,0,1,0,0,0,1
1,1,0,0,0,0,0
1,0,0,2,0,0,1
1,1,0,1,0,0,0
0,1,0,1,1,1,0
1,0,0,1,0,0,1
1,0,1,0,0,0,0
1,1,0,2,2,1,0
2,0,0,1,0,1,1
1,0,0,1,0,0,1
0,0,0,1,0,1,0
2,0,1,2,2,1,0
1,0,0,2,0,1,1
1,0,0,2,1,0,1
1,0,0,1,0,0,0
2,1,1,1,2,0,1
2,0,0,0,0,0,1
1,0,0,2,1,1,0
1,1,0,1,0,0,0
1,1,1,0,0,1,0
2,1,0,0,1,0,1
1,0,0,0,0,0,1
1,0,0,2,0,0,0
1,1,0,2,2,0,0
1,0,0,2,0,1,1
1,0,0,0,0,1,0
0,0,0,0,0,0,0
1,0,0,0,0,0,1
1,0,0,2,1,1,0
2,1,0,2,1,0,0
1,1,0,1,2,0,0
0,1,0,0,0,0,0
1,0,0,2,0,1,0
1,0,0,2,1,1,1
1,1,0,1,0,0,1
0,1,0,0,0,1,0
2,0,0,0,0,0,1
1,1,1,1,0,0,1
0,1,0,1,1,1,1
0,0,1,0,0,1,0
2,1,0,2,0,0,0
1,1,0,2,0,1,1
2,0,1,1,1,0,0
0,0,0,1,0,0,1
0,1,0,0,2,1,0
1,0,0,0,0,0,1
2,1,0,2,0,1,1
1,1,0,1,1,1,1
0,0,0,0,1,1,1
1,1,0,0,1,0,0
1,1,0,2,0,1,0
1,0,1,1,0,1,0
1,1,0,2,0,0,0
1,1,0,1,1,0,0
1,1,0,2,0,1,1
1,1,0,0,1,0,0
1,1,0,1,1,1,0
1,1,0,2,0,1,0
0,1,0,1,0,1,0
1,1,0,0,0,0,1
0,0,0,0,2,0,1
0,0,0,1,0,1,0
0,1,0,0,2,1,0
1,1,0,2,1,1,1
1,0,0,1,0,1,0
1,1,0,2,0,1,0
0,0,1,2,1,1,0
1,0,0,0,0,0,1
2,1,0,2,2,0,1
1,1,0,2,1,1,1
1,1,0,2,1,1,0
1,1,0,2,0,1,0
1,1,0,2,0,1,0
1,0,0,0,0,0,0
2,1,1,2,1,1,0
2,1,0,1,1,0,0
1,1,0,2,1,0,0
1,1,0,2,2,1,0
1,1,0,1,1,1,1
1,0,1,0,0,0,1
1,1,0,2,1,1,1
0,0,0,1,1,0,0
1,1,0,2,2,1,0
1,0,0,0,0,0,1
1,1,0,1,1,1,0
0,1,0,1,1,1,0
0,1,0,0,2,0,0
1,0,0,0,0,0,1
1,0,0,0,2,1,0
1,0,0,2,0,0,0
1,1,0,1,2,0,0
1,1,0,1,1,1,1
1,0,0,1,2,0,1
2,0,0,2,0,0,0
0,1,0,0,0,1,0
1,1,0,2,0,1,0
1,0,0,1,0,0,0
0,1,0,0,1,0,1
1,0,0,2,2,1,0
1,1,0,0,0,0,0
1,1,0,1,0,0,0
1,1,0,2,2,1,0
1,1,0,1,0,1,0
2,0,0,0,0,0,1
1,1,0,1,1,0,0
0,1,0,0,1,1,1
1,1,0,1,0,0,0
0,0,1,2,2,0,0
1,1,0,0,0,0,1
1,1,0,1,0,0,1
2,1,0,1,1,1,1
1,1,0,0,0,0,0
0,1,0,0,0,0,0
0,1,0,0,0,0,1
1,0,0,1,0,0,0
2,0,0,2,0,0,1
1,0,0,1,0,0,0
1,1,0,0,1,1,0
1,0,0,1,0,0,0
1,1,0,0,1,0,1
0,1,0,1,1,1,1
1,0,0,2,0,1,0
2,0,0,1,0,1,1
2,1,0,0,0,0,0
2,1,0,2,2,1,0
1,0,0,2,0,0,0
2,0,1,1,2,0,0
1,1,0,2,1,0,0
2,1,0,2,0,1,0
1,1,1,0,0,0,1
2,0,0,2,0,0,0
2,1,0,0,0,1,1
2,1,0,1,0,0,1
2,0,0,0,0,0,1
2,1,0,2,1,1,0
1,1,1,0,0,0,0
2,1,0,2,2,0,0
1,1,0,2,1,1,0
1,1,0,1,0,0,0
1,1,0,2,0,1,0
0,1,0,1,1,0,0
1,0,0,1,0,1,1
2,0,0,0,0,0,1
0,1,0,1,0,1,0
2,0,0,1,0,1,1
2,0,0,0,1,1,1
2,1,0,1,1,0,0
1,1,1,2,1,1,0
1,0,0,2,1,0,0
1,1,0,2,0,1,0
1,1,0,1,0,0,0
2,1,0,2,0,1,0
1,1,0,0,1,1,0
1,1,0,2,1,0,0
1,1,0,2,2,1,1
1,1,0,2,1,0,0
1,0,1,1,0,0,0
1,1,0,2,2,0,1
1,0,1,0,0,0,0
2,0,1,2,1,0,1
1,1,0,1,0,1,1
2,1,0,1,0,0,0
1,0,0,0,0,1,1
1,0,1,2,0,0,0
1,1,0,1,2,0,0
1,1,0,2,1,0,0
2,0,0,0,0,0,0
1,0,0,1,0,0,0
2,1,0,2,1,0,0
1,1,0,0,0,0,0
1,1,0,2,1,1,0
1,0,0,0,0,0,0
1,0,0,1,0,0,1
1,1,1,1,0,0,0
1,0,0,2,1,1,0
1,1,0,2,2,0,0
1,1,0,1,0,0,1
1,1,1,2,0,1,0
1,1,0,0,2,0,1
2,0,0,2,0,0,1
1,0,1,1,0,0,1
1,1,0,1,0,0,0
2,0,1,2,0,0,0
0,1,0,0,1,0,0
1,1,0,1,0,1,0
0,0,1,0,0,0,0
1,1,0,1,1,0,0
0,1,1,1,0,0,1
1,0,0,2,0,1,0
2,1,0,0,0,0,0
1,1,0,1,0,0,0
2,0,0,0,0,0,1
0,0,0,0,0,1,1
1,0,0,2,2,0,0
1,1,0,0,0,0,0
1,0,1,2,0,0,0
0,1,0,1,1,1,0
0,1,0,1,0,1,0
1,0,0,1,0,0,0
2,0,0,1,0,0,1
2,1,0,1,0,0,0
1,1,0,2,1,0,0
0,0,0,1,0,1,0
1,1,0,2,1,0,0
1,0,1,0,0,0,1
2,0,0,1,0,0,1
1,1,0,2,1,1,0
1,1,0,2,0,1,1
2,1,0,2,1,1,0
1,1,0,2,0,1,0
1,1,1,2,1,0,1
1,1,0,0,0,0,1
2,1,0,2,0,0,1
0,1,0,0,1,0,1
1,1,0,1,0,0,0
1,1,0,0,0,0,1
0,1,0,1,0,1,0
1,0,0,2,0,1,1
1,0,0,0,1,0,1
1,1,0,2,0,1,0
1,1,0,1,1,1,1
0,1,0,0,0,1,1
1,1,0,2,1,1,0
2,0,0,0,0,0,1
1,0,1,0,1,1,0
2,0,0,1,1,1,1
1,1,0,2,0,0,0
1,1,0,2,2,1,0
0,1,0,2,1,1,1
0,1,0,0,0,1,1
1,1,0,1,1,0,0
1,1,0,1,0,1,0
1,1,1,1,1,0,1
1,1,0,2,2,1,0
0,1,0,0,0,0,0
1,1,0,2,2,0,0
1,0,0,0,0,0,1
1,1,0,1,0,1,0
0,1,1,0,2,0,1
2,0,0,1,1,0,1
1,1,0,2,1,0,0
1,0,1,0,0,0,0
0,1,0,1,1,0,0
1,1,0,0,1,1,0
2,0,0,0,0,0,1
1,1,0,0,0,0,1
1,1,0,2,1,0,0
2,1,0,2,0,1,1
0,1,0,0,1,1,0
1,1,0,2,2,0,0
1,1,0,1,2,1,1
1,1,0,1,0,0,1
2,1,1,2,0,0,0
2,1,1,0,0,0,0
1,1,0,2,0,0,1
1,1,0,2,0,1,0
1,0,0,0,0,0,1
1,1,0,2,1,1,0
1,1,1,2,0,0,0
0,1,0,1,2,0,0
2,1,1,1,1,1,0
1,0,0,0,0,0,1
1,1,0,1,0,0,1
2,1,0,2,1,1,1
2,1,0,1,0,0,1
2,0,0,2,0,0,0
2,1,0,2,1,1,0
2,1,1,1,0,0,1
1,0,1,2,0,1,0
2,1,1,0,0,0,1
1,0,0,0,0,0,0
1,0,0,2,0,1,1
0,1,0,1,1,1,0
1,1,0,2,0,1,0
0,1,0,1,0,1,0
0,1,0,0,0,0,0
1,1,0,2,1,1,0
1,1,1,1,0,1,0
1,1,0,1,0,1,1
2,0,0,0,0,0,1
1,1,0,2,0,1,1
2,1,0,2,0,1,0
0,1,0,1,2,1,0
1,1,0,2,1,1,0
1,1,0,2,0,0,0
1,1,0,0,0,0,0
1,0,0,2,0,1,0
1,1,1,0,0,0,1
1,0,0,2,0,0,1
1,1,0,1,1,1,0
2,1,0,2,1,1,1
1,0,1,0,0,0,0
1,1,1,1,0,1,1
1,1,0,1,0,0,0
2,1,1,1,0,0,1
1,0,0,1,0,0,1
1,1,0,2,0,1,1
2,0,0,1,0,0,1
1,1,0,1,0,0,1
2,0,0,0,0,0,1
1,0,1,2,1,1,1
2,1,0,2,1,0,1
1,1,1,0,0,0,1
0,1,0,0,0,0,1
0,1,0,0,0,1,0
1,0,0,2,1,1,0
2,0,0,0,0,0,1
1,1,0,2,2,0,0
0,1,1,1,0,1,0
1,0,0,0,1,1,1
1,1,0,1,1,1,0
2,1,0,1,1,0,0
1,1,0,1,1,1,1
1,1,0,2,0,1,0
0,0,0,0,1,0,0
2,1,0,0,0,0,1
1,0,0,2,1,1,0
0,1,0,1,2,0,0
1,0,0,0,0,1,0
0,1,0,1,2,1,0
1,1,0,1,2,1,0
1,1,1,1,0,0,1
1,1,1,2,0,1,0
1,1,0,2,1,1,1
1,0,0,0,0,1,0
1,1,0,1,1,0,0
1,1,1,1,0,1,0
1,1,0,1,0,1,0
2,1,0,1,2,0,1
1,1,0,0,0,0,0
1,1,0,1,0,0,0
1,1,0,2,0,1,0
2,1,0,2,1,1,0
1,1,0,1,2,0,0
0,1,0,2,2,1,0
0,1,0,1,1,1,0
0,1,0,0,0,0,0
1,1,1,0,2,0,1
2,1,1,1,0,0,0
1,0,0,1,0,1,0
2,1,0,2,0,1,0
0,1,0,1,0,0,1
2,0,0,2,2,0,0
1,1,0,2,1,1,1
2,0,0,1,1,1,0
2,0,0,0,0,0,1
1,0,1,2,2,1,0
2,0,0,0,0,0,1
1,1,0,2,1,1,0
0,1,0,1,2,1,1
2,0,0,0,0,0,0
2,0,0,1,2,0,0
0,1,0,1,1,1,0
1,1,0,2,2,0,0
2,0,0,1,1,1,0
1,1,0,2,0,1,0
2,1,0,1,0,0,0
1,1,1,2,2,0,0
0,0,0,0,1,1,1
2,0,0,1,0,0,1
0,1,1,0,0,1,1
0,0,0,0,0,0,0
2,1,0,1,1,0,0
1,1,1,0,0,0,1
1,0,0,0,0,0,1
1,1,0,0,0,1,1
1,1,0,1,0,1,0
1,1,0,1,0,0,1
1,0,0,1,0,1,0
1,1,0,2,0,1,0
1,1,0,1,0,0,0
1,1,0,0,1,1,1
1,1,1,1,0,0,1
1,1,0,2,1,1,0
1,0,1,0,0,0,1
0,1,0,0,0,1,0
1,0,1,0,0,0,0
1,1,0,2,1,1,0
0,1,1,0,0,0,1
1,0,0,0,0,1,1
1,1,0,0,0,0,1
0,0,0,1,0,1,0
2,1,0,0,2,1,1
1,1,0,2,2,1,0
1,1,0,0,0,1,1
1,0,0,1,1,0,1
1,0,0,1,0,1,0
1,1,1,2,1,1,0
1,0,0,2,0,1,0
2,0,0,1,1,0,1
1,1,0,1,0,0,0
2,1,0,2,1,1,0
1,1,0,2,0,1,0
1,1,1,1,0,0,0
0,0,0,1,0,0,0
2,1,0,1,0,0,0
1,0,0,1,0,0,1
0,1,0,1,1,1,0
1,0,0,1,0,1,1
1,1,0,1,0,0,1
0,1,0,1,1,1,1
1,1,0,1,2,1,0
0,1,0,1,0,1,0
1,1,0,2,1,1,1
1,1,0,2,0,0,1
1,0,0,2,2,1,0
0,1,1,2,1,1,0
2,0,0,1,0,0,0
1,0,1,1,1,1,0
1,0,0,0,0,0,1
2,1,0,2,0,1,0
1,1,0,2,0,1,0
2,1,0,2,2,0,1
1,1,0,1,0,0,1
0,1,1,1,1,0,0
0,1,0,1,0,0,0
1,1,0,1,0,0,0
1,1,0,2,1,1,0
1,1,1,2,1,1,0
1,0,0,1,0,0,1
0,1,0,2,0,1,0
1,0,0,1,1,0,0
1,0,0,2,0,0,0
0,1,1,0,0,0,0
1,0,0,2,2,1,1
0,1,0,0,0,0,1
1,1,0,2,1,1,0
1,0,0,2,0,0,1
2,1,0,2,1,1,0
0,1,0,1,1,1,0
2,1,0,1,1,0,1
2,1,0,2,1,0,1
0,1,1,0,0,0,0
1,1,1,1,1,0,1
1,1,0,2,1,1,1
2,0,0,1,0,0,1
1,1,0,1,0,0,1
1,1,0,0,0,1,1
0,1,0,1,1,0,0
1,1,0,1,0,0,0
0,1,0,0,0,0,1
2,0,0,2,2,0,0
0,1,0,0,1,1,1
1,1,1,2,0,1,1
0,1,0,1,2,1,0
2,1,0,1,0,0,0
1,1,0,2,0,1,0
0,1,0,1,1,1,0
1,0,0,0,1,0,1
2,1,0,1,0,0,1
1,1,0,2,1,0,1
2,1,0,0,0,0,0
2,1,0,2,1,1,0
1,1,0,2,0,1,0
0,1,0,1,0,0,1
1,1,0,2,2,0,1
1,0,0,0,0,1,1
1,0,0,1,0,1,1
1,1,0,1,0,0,0
0,1,0,1,2,1,0
2,1,0,2,0,0,1
1,1,0,2,0,0,0
1,0,0,0,0,0,1
2,0,0,1,1,1,1
2,1,0,1,0,0,1
2,0,0,1,0,1,0
2,1,0,0,1,0,1
0,0,0,1,0,1,1
1,1,0,1,0,0,0
1,0,1,2,0,1,0
1,0,0,2,0,1,0
1,1,0,2,0,1,0
1,1,0,0,2,0,0
2,0,0,1,2,1,1
2,1,0,2,1,0,1
1,1,0,1,1,1,0
2,1,0,2,0,1,0
1,0,0,2,1,0,0
1,1,0,2,1,1,1
1,1,0,2,1,0,0
2,0,1,0,0,0,1
1,0,0,1,0,0,0
0,1,0,1,0,1,0
2,1,0,0,1,0,1
1,0,0,2,1,0,1
0,1,0,2,1,1,0
0,1,0,0,2,1,0
2,1,0,0,0,0,1
1,0,1,0,0,0,1
1,1,0,0,1,0,1
0,1,1,1,1,0,0
2,1,1,2,1,0,0
1,0,0,0,0,0,0
1,0,0,0,0,0,1
1,1,0,1,0,1,0
0,1,0,1,1,1,0
1,0,0,0,0,0,1
1,1,0,2,1,1,1
0,1,0,0,0,0,0
2,1,0,2,2,1,0
1,1,0,2,0,1,0
1,1,0,1,1,1,0
1,1,0,0,0,0,0
2,1,0,1,0,0,0
0,0,0,0,0,0,0
1,0,1,0,0,0,0
2,1,0,1,2,0,1
2,1,0,2,1,1,0
1,1,0,2,1,0,0
1,1,0,2,0,0,0
1,0,1,0,0,0,0
1,0,0,1,0,0,0
1,0,0,2,2,0,0
1,1,1,2,1,1,1
1,0,0,0,0,0,1
1,1,1,0,0,0,0
1,1,0,2,2,1,0
2,1,0,1,0,0,0
1,1,0,1,0,0,1
2,0,1,0,1,1,1
2,1,1,2,1,0,0
1,1,0,2,1,1,0
1,0,0,1,2,1,0
2,1,0,2,0,1,0
1,1,0,2,0,1,0
0,0,0,0,1,0,0
0,1,0,1,0,0,0
2,0,0,0,0,0,1
2,1,0,0,1,0,1
1,1,0,1,1,0,1
0,1,0,1,1,1,0
2,1,0,2,1,0,0
2,1,0,2,1,1,1
2,0,0,0,0,0,1
2,0,0,1,2,0,1
1,1,1,1,0,0,0
1,1,1,0,0,0,0
0,1,0,1,0,1,0
1,1,0,0,0,1,1
2,1,0,1,2,0,0
1,1,0,1,0,1,0
2,0,0,1,0,0,1
2,1,0,2,2,0,0
0,1,0,1,1,0,0
2,1,0,2,2,1,1
2,1,1,1,0,0,1
0,0,0,1,1,1,0
0,1,0,2,1,1,0
1,1,0,0,0,0,0
1,0,0,1,1,0,0
1,1,0,2,0,0,1
1,1,1,0,0,0,1
1,1,0,2,0,0,1
2,0,0,1,0,0,1
0,1,1,1,1,0,0
1,1,0,2,1,0,0
1,1,0,2,0,1,0
0,1,0,1,0,0,0
2,0,0,1,0,0,0
1,1,0,1,0,1,1
1,0,0,1,0,0,1
1,1,0,1,0,1,0
1,0,0,2,0,1,0
0,1,0,1,0,1,0
1,1,0,1,1,1,1
2,0,0,1,0,0,0
1,1,1,2,1,0,0
1,1,0,2,0,1,0
1,1,0,2,1,1,0
1,1,0,0,0,1,1
0,0,0,0,0,1,1
1,1,0,1,1,1,1
1,0,1,1,0,0,0
2,0,0,0,0,0,1
1,1,0,2,0,1,0
0,1,0,1,1,1,1
2,0,0,0,0,0,1
1,0,1,0,0,0,1
1,0,0,1,0,1,1
1,0,0,1,0,0,0
0,0,0,1,1,0,1
1,1,0,2,0,0,0
1,1,0,2,0,1,0
1,1,0,0,1,0,1
0,0,0,1,0,0,1
1,1,0,1,2,1,0
1,1,0,0,0,0,1
1,1,0,0,0,0,1
1,1,0,1,0,0,1
2,1,0,2,1,0,1
1,1,0,1,0,1,1
2,1,0,0,0,1,0
1,1,0,2,1,0,0
1,0,0,0,0,0,0
1,1,0,2,0,1,0
2,0,0,0,0,0,1
2,0,0,0,0,1,0
1,0,0,1,0,0,0
1,1,0,0,0,1,1
1,0,1,1,1,1,1
1,0,0,2,0,1,1
2,1,0,1,1,1,0
1,1,0,1,1,1,0
1,1,0,1,2,0,0
0,0,1,2,0,1,0
0,0,0,1,0,0,0
2,1,1,1,0,0,0
1,0,0,1,1,1,0
2,0,0,2,1,1,0
1,1,0,2,0,1,1
1,0,1,0,0,0,0
0,1,0,0,1,1,1
2,1,0,1,2,0,0
2,0,1,0,0,0,1
2,1,0,0,1,0,1
2,0,0,1,0,0,0
2,0,0,1,1,1,0
1,1,0,2,2,0,0
2,1,0,1,0,0,1
0,1,0,1,0,1,0
1,1,0,2,1,1,0
1,0,0,2,1,0,0
0,1,0,1,1,1,0
2,0,0,1,2,0,1
1,1,1,2,0,0,0
1,1,1,0,0,0,0
1,1,1,1,1,1,0
2,0,0,0,0,0,1
1,0,0,0,0,0,1
1,0,0,0,0,0,1
2,0,0,0,0,0,1
0,0,0,0,0,0,0
2,0,0,2,0,0,0
1,0,0,0,0,0,0
1,1,0,2,0,1,0
0,1,0,1,1,0,1
1,0,0,0,0,0,1
2,1,0,0,0,1,0
1,1,0,2,0,1,0
0,1,0,0,0,0,1
2,1,1,0,1,1,1
2,0,0,1,0,1,1
2,1,1,2,2,0,0
0,1,1,0,0,1,0
1,1,0,0,0,1,1
2,1,0,1,0,0,1
1,1,0,2,0,1,0
1,0,0,2,0,0,1
1,1,1,1,1,1,0
2,0,1,0,0,0,0
1,1,0,2,0,1,0
1,1,0,2,0,1,1
1,0,0,2,1,1,0
1,0,0,2,2,0,1
0,1,0,0,2,0,0
1,1,0,2,1,1,0
1,1,1,2,0,0,0
0,1,0,0,2,1,0
0,1,0,0,0,1,0
2,0,0,1,0,0,1
1,1,1,2,1,1,0
2,1,0,2,0,0,0
0,1,1,0,0,0,0
1,0,0,2,0,1,0
1,1,0,1,0,0,1
1,1,0,1,0,1,0
1,0,0,0,0,0,1
1,1,0,1,1,1,0
1,1,0,1,0,1,0
0,1,0,1,0,0,0
1,1,0,1,1,1,1
1,0,0,0,0,0,1
1,1,0,0,0,0,1
1,1,0,0,0,0,0
2,1,0,1,0,0,1
2,0,0,0,0,0,1
2,1,0,2,2,1,0
0,1,0,1,0,1,0
1,0,0,2,2,0,1
2,1,1,1,0,1,1
1,1,0,2,1,0,0
1,0,0,1,0,0,1
2,1,0,2,0,1,0
2,0,0,0,0,0,1
0,1,1,1,2,0,1
1,0,0,0,0,0,1
1,0,0,0,1,1,0
1,0,0,2,0,1,0
1,1,0,0,1,0,0
1,0,0,0,0,0,1
1,1,0,1,1,1,1
1,0,1,0,0,1,0
1,0,0,2,0,1,0
0,1,0,1,0,1,0
1,1,0,0,1,1,0
2,1,0,1,1,1,0
1,1,0,1,0,0,0
1,0,0,2,0,1,0
1,1,0,0,1,1,0
1,0,0,0,1,0,0
1,0,0,0,0,0,1
1,1,1,1,1,0,0
1,0,0,2,1,0,1
2,1,0,1,1,0,1
0,0,0,1,0,1,0
0,1,0,0,0,0,0
1,1,0,0,0,0,1
0,1,0,1,1,0,0
1,0,0,2,1,1,1
1,1,0,2,0,1,0
1,1,0,2,1,0,1
2,0,0,0,1,0,0
1,1,0,1,0,0,0
0,1,1,1,2,0,1
1,0,1,0,0,0,1
1,1,1,1,1,1,0
1,0,1,0,0,0,0
2,0,0,0,0,0,0
1,0,0,1,1,0,1
1,1,0,0,0,0,0
1,1,0,1,1,0,0
1,1,0,1,0,0,0
0,0,0,1,0,1,1
2,1,0,2,2,1,1
1,1,0,1,0,0,0
2,1,1,1,1,1,1
0,0,1,1,2,0,0
1,1,0,1,2,1,1
0,1,0,2,0,1,1
1,1,0,2,2,0,0
0,1,0,0,0,0,0
2,0,0,1,2,0,1
1,1,0,1,0,1,0
1,0,0,1,0,0,0
2,0,1,0,0,0,1
1,1,0,0,0,0,1
1,1,0,2,0,1,1
1,1,1,1,1,0,1
0,1,0,1,1,1,1
1,0,0,1,0,1,1
2,0,1,0,0,0,1
0,1,0,1,0,1,1
1,0,0,1,0,0,0
1,1,0,0,2,0,0
1,0,0,0,0,0,1
1,1,0,2,0,0,0
1,1,0,2,0,0,0
0,1,0,0,0,0,0
1,1,0,1,0,0,1
0,1,0,0,1,1,1
1,1,0,2,2,0,0
2,1,0,1,1,0,1
1,0,0,2,0,1,0
1,0,1,2,0,0,0
1,1,0,0,0,0,0
1,1,0,2,1,1,0
0,0,0,1,0,0,0
0,0,0,1,1,1,1
1,0,0,2,0,1,0
0,1,0,1,2,0,0
2,1,0,0,0,1,0
1,1,0,2,1,1,1
1,1,0,2,2,1,1
1,1,0,2,2,1,0
2,0,0,2,0,0,0
0,1,0,1,0,0,0
1,1,0,1,2,1,0
2,0,1,1,0,0,1
1,1,0,2,0,1,1
2,1,0,2,2,1,1
1,0,0,1,0,0,1
1,1,1,0,0,0,1
2,1,0,1,0,0,1
1,1,1,1,1,0,0
1,1,0,0,0,1,0
0,0,1,0,0,1,0
0,0,0,0,0,1,0
2,1,0,0,0,0,1
2,0,0,2,0,1,0
1,1,0,2,0,1,0
1,1,0,0,0,0,0
0,0,0,1,1,1,1
1,0,0,2,0,1,0
1,0,1,1,2,0,1
1,1,0,2,0,0,0
2,1,0,0,0,0,0
0,1,0,0,0,0,0
0,1,0,1,2,1,0
0,1,0,1,2,1,0
2,0,0,1,1,0,0
0,1,0,2,2,1,0
0,1,0,0,0,1,0
0,1,0,1,1,1,0
1,1,0,1,0,1,1
1,0,1,1,0,1,1
2,0,0,0,0,1,0
1,1,0,2,2,1,0
1,0,1,0,1,1,1
1,1,1,2,1,0,1
0,1,0,0,1,0,0
2,1,0,2,0,0,1
1,0,0,1,0,0,1
1,1,0,2,0,1,1
0,1,0,0,0,0,0
1,1,0,0,0,0,1
0,1,0,0,0,1,0
1,1,0,2,2,1,0
1,1,0,0,1,0,1
2,1,0,0,0,0,1
1,1,0,2,1,1,1
2,1,0,0,0,0,1
1,1,1,1,0,1,1
1,0,0,2,1,1,0
1,1,0,2,0,1,0
1,1,1,1,2,0,1
1,0,0,1,0,1,0
1,1,0,2,1,0,0
1,0,1,0,2,1,0
1,1,1,0,0,0,0
1,1,0,2,1,1,0
0,1,0,1,2,0,1
1,0,0,2,0,1,0
1,1,0,1,0,0,1
1,1,0,2,0,0,0
1,1,1,0,0,1,1
1,1,0,2,0,1,0
1,1,0,1,0,1,1
1,1,0,0,0,0,0
1,1,1,2,1,1,0
1,1,0,2,0,1,0
1,1,0,1,1,1,1
1,1,0,2,1,1,1
0,1,0,1,1,1,1
1,0,0,2,1,1,0
1,0,0,1,1,0,0
2,1,0,2,1,1,0
1,1,0,2,0,1,0
1,1,0,1,1,1,0
1,0,0,1,1,1,1
1,0,0,0,0,0,0
1,0,0,1,1,0,0
1,1,1,0,0,0,0
2,0,0,1,0,0,1
2,0,0,2,1,0,0
1,1,0,0,0,0,1
1,1,0,0,0,1,0
1,0,0,2,0,1,0
1,0,0,0,0,0,1
1,0,0,2,0,0,0
1,1,0,1,1,1,0
2,1,0,2,0,0,0
1,1,0,2,2,1,0
0,1,0,0,0,0,0
1,1,0,2,1,1,0
2,1,0,1,1,0,1
0,1,0,0,1,1,0
1,0,0,2,0,0,0
0,0,1,1,1,1,0
2,1,0,1,1,0,1
1,0,0,1,0,0,0
0,1,0,0,0,1,1
2,1,1,2,2,0,1
2,1,0,1,1,0,1
1,1,0,1,2,0,0
1,1,0,2,1,0,0
0,1,0,1,2,1,0
0,1,0,1,1,0,0
0,1,0,1,0,1,1
1,0,0,2,0,1,0
1,0,0,2,1,1,0
2,0,0,2,0,1,0
2,1,0,2,2,1,0
1,0,0,1,0,0,0
2,1,0,1,0,0,1
1,1,0,2,1,0,0
0,0,0,1,0,1,0
0,1,0,0,1,0,1
0,1,0,0,1,1,0
1,0,0,2,1,0,0
1,0,0,1,1,1,0
2,0,0,2,1,1,0
2,1,0,2,0,1,1
1,1,0,0,1,0,0
0,1,0,1,0,0,0
1,1,0,0,0,0,1
2,1,0,2,1,0,0
1,1,0,1,0,1,0
0,1,0,1,1,1,0
2,1,0,1,1,1,1
0,1,0,0,0,1,0
1,0,0,2,1,1,1
0,1,0,0,0,0,1
1,0,0,1,0,1,0
2,0,0,0,0,0,1
1,1,0,1,2,0,1
1,0,1,1,0,1,0
1,1,0,1,1,0,0
2,0,0,0,0,0,1
0,0,0,1,1,1,0
1,0,0,1,0,1,1
0,1,0,1,2,1,0
1,0,0,2,0,1,1
2,0,0,1,0,0,1
2,0,0,2,2,1,0
0,1,0,1,0,1,0
1,0,0,1,1,1,0
1,1,0,2,0,1,0
1,1,0,1,0,1,1
1,1,0,1,1,0,1
2,1,0,0,0,0,1
1,0,0,1,0,0,0
0,1,0,0,2,1,0
0,0,0,0,0,0,0
2,0,0,2,0,1,1
1,1,0,1,0,1,0
0,0,0,1,2,1,0
2,0,0,0,0,0,1
1,1,0,0,0,0,0
1,1,0,2,0,0,0
1,1,1,0,1,1,0
2,0,0,0,0,1,1
1,1,0,1,0,0,0
1,1,0,2,2,1,1
2,1,0,1,0,0,1
1,0,0,0,0,0,1
2,0,0,1,0,1,0
2,1,0,1,0,0,1
2,1,0,1,0,0,1
0,1,1,0,0,0,1
2,1,1,2,0,1,0
1,1,0,0,0,0,0
1,0,1,0,0,0,1
1,0,0,1,2,0,0
2,0,0,1,1,1,1
0,0,0,0,0,0,1
1,0,0,2,0,1,1
0,1,0,2,0,1,0
2,0,0,1,0,0,1
2,0,1,0,0,0,1
0,0,1,1,0,0,1
1,0,0,1,1,1,0
2,0,1,1,0,0,1
0,1,0,2,0,0,1
1,1,1,0,0,0,1
1,1,1,1,2,0,1
0,1,1,1,2,0,0
0,1,0,1,0,1,0
1,1,0,0,0,0,0
0,1,0,0,0,0,0
2,0,0,1,0,0,1
1,1,0,2,0,1,0
1,1,0,2,1,1,0
1,1,0,2,2,1,0
0,1,0,1,1,0,0
2,1,0,2,0,0,1
1,1,1,1,1,0,0
2,1,1,2,0,1,1
1,0,0,1,0,0,0
1,1,1,1,2,1,0
2,0,0,0,0,0,1
1,1,0,0,1,0,1
1,0,0,0,0,1,0
1,0,0,0,0,0,0
2,1,0,2,1,1,0
2,1,0,2,0,0,0
1,0,0,1,0,0,0
1,1,0,2,0,1,1
2,1,0,2,1,0,0
1,1,0,2,0,1,0
0,1,0,1,0,1,0
0,1,0,1,0,1,1
1,1,0,1,0,1,0
0,1,1,0,0,0,0
1,1,0,2,0,0,0
2,1,1,0,0,0,0
0,1,0,1,0,0,0
0,1,0,0,0,0,0
1,1,0,2,0,1,1
1,1,0,2,2,0,0
0,1,1,1,1,1,0
2,0,0,1,2,0,1
1,0,0,1,0,1,0
0,1,0,1,1,1,0
0,1,0,0,1,0,1
1,1,0,2,2,0,0
1,1,1,1,0,0,0
0,1,0,0,0,1,0
2,0,0,1,1,0,1
2,1,0,1,0,0,0
0,1,0,0,1,1,0
2,1,0,2,0,0,0
2,0,0,1,0,1,1
0,1,1,0,0,0,0
0,1,0,2,0,1,0
1,1,1,1,0,1,0
1,1,1,0,0,0,1
0,1,0,0,0,0,1
1,1,0,2,1,1,1
0,1,0,1,2,1,1
1,0,1,0,0,0,0
1,1,1,1,0,0,1
1,1,0,2,0,0,0
1,1,0,1,1,0,1
1,0,0,1,1,1,0
1,1,0,0,0,1,0
1,0,0,2,0,1,0
0,1,0,1,0,0,0
1,1,0,1,2,0,0
1,0,1,1,0,0,0
1,1,0,1,2,0,1
1,1,0,0,1,0,1
1,0,0,1,1,1,0
1,0,0,2,0,0,0
1,1,1,0,0,1,0
1,0,1,1,0,0,0
2,0,1,0,0,0,0
0,1,0,0,0,1,1
1,0,0,2,2,0,1
1,1,0,2,0,1,1
1,1,1,1,0,0,1
2,1,0,0,0,1,0
1,1,0,2,0,1,0
2,1,0,2,2,0,0
2,0,1,2,1,0,0
2,0,0,1,0,0,1
1,0,0,0,0,1,1
0,1,0,1,1,1,0
1,1,0,2,1,0,1
0,0,0,0,1,1,0
1,1,0,2,0,1,0
2,0,0,0,0,1,0
1,1,0,2,0,0,0
2,1,0,2,1,1,0
1,1,0,1,0,0,0
0,1,0,1,0,1,0
2,0,0,0,0,0,1
1,1,0,2,0,1,0
1,0,0,0,0,0,0
1,1,0,2,0,1,1
1,1,1,1,1,0,0
0,0,1,1,0,0,0
0,1,0,2,1,1,0
1,0,0,0,0,1,1
0,1,0,1,1,0,0
1,1,0,0,0,0,1
1,1,0,1,1,1,0
1,1,0,2,1,0,1
0,1,1,1,2,0,1
2,0,0,0,1,1,1
1,1,0,1,1,0,1
2,0,0,0,1,1,1
1,1,0,2,0,1,0
1,0,0,0,0,1,1
0,1,1,1,0,1,0
1,1,0,1,0,1,0
1,1,0,2,0,1,0
1,0,1,1,0,0,1
1,0,0,2,0,1,0
0,0,0,1,0,0,1
1,1,0,1,0,0,1
1,1,0,0,0,0,0
0,1,0,1,0,1,0
1,0,0,2,0,0,1
1,0,0,1,1,1,1
1,0,0,2,0,0,0
2,0,0,0,0,0,1
0,1,0,0,0,0,0
1,0,0,2,0,0,0
1,1,1,0,0,0,1
2,1,0,2,0,1,1
0,0,1,0,0,0,0
1,1,0,2,0,1,0
2,1,1,1,0,0,1
1,0,1,0,0,0,1
2,1,0,2,1,1,1
1,0,0,1,2,0,0
0,0,0,0,0,1,0
2,1,0,2,1,0,0
1,0,0,0,0,0,1
0,1,0,1,0,1,0
1,0,0,1,0,0,1
1,0,0,0,1,1,1
1,0,0,2,2,1,0
2,0,1,0,0,0,0
1,0,0,1,2,0,0
2,0,0,0,0,0,1
1,0,0,1,0,0,1
0,0,0,0,1,0,0
2,1,0,2,1,0,0
0,1,0,1,2,1,0
1,1,0,2,2,0,1
1,1,0,1,1,1,1
2,0,0,1,0,1,0
2,1,1,0,1,1,1
0,0,0,0,0,1,0
1,1,0,2,1,0,0
1,1,1,2,0,1,1
1,1,1,1,0,0,0
2,1,0,2,1,0,0
1,1,0,2,0,1,0
1,1,0,1,1,0,1
1,0,0,0,0,0,1
1,1,1,1,2,0,1
0,1,0,1,0,1,0
1,0,0,0,0,0,1
2,0,1,1,0,1,0
2,1,1,2,1,0,0
0,1,0,1,0,1,1
0,1,0,0,1,1,0
0,1,0,0,1,0,0
0,1,0,0,2,0,0
2,1,0,1,0,0,0
1,1,0,2,2,1,0
1,1,0,2,1,0,0
1,0,1,0,0,0,0
2,1,0,1,0,0,1
1,1,0,2,1,0,1
2,1,0,1,1,0,0
1,1,0,2,0,1,0
1,1,0,1,0,1,0
2,1,0,2,2,1,1
0,1,0,1,0,0,1
0,1,1,1,2,0,0
2,1,0,1,0,0,1
1,1,0,1,0,1,1
1,1,0,1,0,0,1
1,1,0,1,1,0,1
0,1,0,0,0,0,0
0,1,0,1,0,0,0
2,0,0,0,0,0,1
1,1,0,1,2,1,1
1,1,0,1,0,1,0
2,1,0,0,0,1,1
0,1,0,1,1,0,1
1,1,0,1,1,1,1
1,1,0,2,1,0,0
1,1,0,0,0,0,0
1,1,0,2,2,1,0
0,0,1,1,0,0,0
1,0,0,2,0,1,1
1,1,0,2,1,1,0
2,1,0,1,2,0,0
1,1,0,2,0,0,1
1,1,1,2,2,1,0
2,1,0,2,1,0,1
1,1,0,0,0,1,0
2,1,0,2,2,1,0
1,1,1,2,1,1,1
2,1,0,1,1,0,1
0,0,1,0,0,0,1
1,1,1,1,1,0,0
1,0,0,1,0,1,0
1,0,0,1,0,1,1
2,1,0,2,2,1,0
0,0,0,2,2,1,0
1,0,0,2,1,0,0
0,0,0,0,0,1,0
2,1,1,1,0,0,0
1,1,0,1,1,0,1
1,0,0,2,0,0,1
1,1,0,1,1,0,1
1,1,1,1,1,0,0
1,1,0,1,1,0,0
1,0,0,1,0,0,1
1,1,0,2,1,0,0
2,0,0,0,0,0,1
0,1,1,1,2,0,0
1,1,0,1,0,1,0
1,1,0,2,2,0,0
2,0,0,1,1,1,1
1,0,0,1,2,0,0
1,1,0,1,0,1,0
2,0,1,1,0,1,1
1,1,1,0,0,1,0
0,0,1,0,0,0,0
1,1,0,2,0,1,0
1,1,1,2,1,0,0
1,1,0,2,1,1,0
0,0,0,1,0,0,1
2,1,0,1,1,1,1
1,1,1,1,0,0,0
1,1,1,2,1,1,0
0,1,0,1,1,1,1
1,1,0,1,0,1,0
1,1,0,0,1,0,0
1,0,0,0,0,0,1
1,1,1,1,0,0,0
1,1,0,1,1,1,0
1,1,0,2,1,1,1
2,1,0,1,0,0,0
0,0,0,1,0,1,0
1,1,1,1,1,0,1
1,1,0,0,2,0,0
1,1,0,2,2,1,1
0,0,0,2,2,1,0
1,1,0,2,2,1,0
0,0,0,0,0,1,1
0,1,0,0,0,0,0
0,1,0,2,0,1,0
2,1,0,0,0,0,1
2,1,0,2,2,0,0
1,1,1,2,0,1,0
2,0,0,1,0,0,0
2,1,0,0,1,1,1
2,1,0,1,1,1,0
1,1,0,2,0,0,0
1,0,0,0,0,0,1
1,1,0,2,2,0,0
1,1,1,1,0,1,0
1,1,0,1,1,0,0
0,1,0,1,2,1,0
1,1,0,2,1,1,0
2,1,0,2,1,1,0
0,1,0,0,0,1,0
1,1,1,1,1,1,1
0,0,0,1,2,1,0
1,1,0,1,1,0,1
2,1,0,2,0,0,1
0,1,0,0,0,0,0
2,0,0,2,0,1,0
1,1,0,2,0,1,0
0,1,0,2,2,1,0
1,1,0,2,1,0,0
0,0,0,0,0,1,1
1,0,1,1,0,1,1
1,1,0,1,0,1,0
1,1,0,2,1,1,0
2,1,0,1,1,0,0
0,0,0,1,0,0,0
1,1,0,1,0,0,0
0,1,0,1,0,1,0
0,1,0,2,1,1,0
1,1,0,2,2,1,1
1,1,0,1,1,0,0
1,1,0,2,1,1,0
1,0,0,1,1,0,1
1,0,0,1,0,0,1
1,1,0,2,0,1,1
0,0,0,2,0,1,1
2,1,0,2,1,1,0
1,1,0,2,0,1,0
1,1,0,1,0,1,1
1,1,0,1,0,0,1
1,1,0,1,0,0,1
1,1,0,1,0,1,0
0,0,0,0,0,1,0
1,1,0,2,0,1,0
1,1,0,0,1,1,0
1,0,1,0,0,0,1
1,1,0,2,0,1,0
1,0,0,0,0,0,1
1,1,0,2,1,1,0
1,0,0,0,0,1,1
1,1,1,1,1,1,1
1,1,0,2,1,1,0
1,1,0,0,0,0,0
2,1,0,2,1,0,0
0,0,0,1,0,1,1
1,0,1,2,0,1,0
1,1,0,2,1,1,0
1,1,0,0,0,0,0
1,1,0,2,1,0,1
0,1,1,1,0,0,1
2,0,0,2,1,1,0
0,1,0,0,1,1,1
1,1,1,2,1,0,1
0,1,1,0,0,0,0
1,1,0,1,0,0,0
1,1,1,2,1,1,0
1,0,1,0,0,0,1
0,0,0,0,0,0,0
1,1,0,1,1,0,1
1,1,0,0,1,0,1
0,1,0,1,1,1,0
0,0,0,0,0,0,0
2,1,1,1,0,0,0
0,1,0,1,1,1,0
0,1,0,1,2,1,0
0,1,1,1,0,1,0
1,1,1,2,2,1,1
0,0,1,1,2,1,0
1,1,0,1,1,1,1
1,0,0,1,1,0,1
0,1,1,1,0,1,0
1,1,0,0,0,0,1
0,0,0,1,2,1,0
1,1,0,1,2,0,0
2,1,0,2,2,0,0
1,0,0,1,0,1,0
1,0,0,2,2,1,0
1,1,0,1,0,0,0
1,0,0,1,0,0,1
1,0,1,0,2,0,0
2,1,0,0,1,0,1
1,0,1,1,1,1,1
0,0,1,0,0,0,0
1,0,1,0,0,0,0
1,1,0,2,0,1,0
2,1,0,2,0,0,0
1,1,1,1,1,1,1
1,0,0,2,1,1,0
1,0,0,2,1,1,1
1,1,0,2,1,1,0
2,0,0,0,0,0,1
1,1,0,1,2,0,0
1,1,0,2,1,1,0
0,1,0,0,0,1,0
2,1,0,2,2,1,1
1,1,0,2,2,1,0
0,1,0,1,1,1,0
1,1,0,2,0,1,0
2,0,1,0,1,0,0
1,0,0,0,1,0,0
0,1,0,2,1,1,0
1,1,0,1,0,1,0
1,1,0,2,0,0,0
1,0,1,0,0,0,1
1,1,0,1,0,0,0
0,1,0,0,0,1,0
1,0,0,1,0,0,0
1,0,0,1,0,1,0
1,1,0,2,2,1,1
1,1,1,1,0,1,0
0,1,0,0,1,1,1
1,0,0,0,0,1,0
2,0,0,2,1,1,0
2,1,1,2,2,0,0
0,0,1,1,0,0,1
1,1,0,1,1,1,0
1,0,0,0,0,1,1
1,1,0,2,0,1,0
1,0,0,1,0,0,0
2,1,1,1,0,0,1
1,1,0,1,1,1,0
1,1,0,2,0,1,0
1,0,0,2,0,1,0
1,1,0,2,1,1,0
2,0,0,1,0,0,0
1,1,0,2,0,0,0
1,1,1,1,2,0,0
1,1,1,0,0,0,1
1,1,0,2,0,0,1
1,0,0,2,0,0,1
0,1,0,2,1,1,0
1,1,0,0,1,0,1
1,1,0,2,0,0,0
1,0,1,0,0,1,0
1,1,0,1,0,0,0
1,0,0,1,0,0,0
1,1,1,1,0,0,0
1,1,0,2,0,1,0
2,1,0,1,0,0,1
2,1,0,1,0,0,1
0,0,0,1,0,0,0
1,1,0,0,0,0,0
2,1,0,2,0,0,0
2,1,0,2,0,0,1
1,1,0,2,1,1,0
1,1,1,1,1,0,1
2,0,0,2,0,1,0
1,1,1,2,0,1,0
2,1,0,0,0,0,0
2,0,0,0,0,1,0
1,1,0,0,1,0,1
0,1,0,1,0,1,0
0,1,0,1,2,1,0
1,1,1,2,0,0,0
0,1,0,2,1,0,1
1,1,1,1,0,1,1
1,0,0,0,1,1,0
1,1,0,0,0,0,1
1,1,0,0,0,0,1
1,0,0,2,0,1,0
1,1,0,0,0,1,0
2,1,0,1,1,0,1
2,1,1,2,0,1,1
0,1,0,0,0,1,0
0,1,1,1,0,1,0
1,1,0,0,2,1,0
0,1,0,1,0,1,0
1,1,0,2,0,0,0
2,1,0,2,2,0,0
0,1,0,1,2,1,1
1,1,0,2,2,0,0
0,1,0,0,0,1,0
1,1,0,1,0,0,1
2,0,1,0,0,0,1
0,1,0,1,1,1,0
1,0,0,2,2,0,0
1,1,0,0,0,0,0
0,1,0,1,0,0,1
1,1,0,1,1,1,1
1,1,1,1,0,0,0
2,0,0,1,0,0,1
1,0,0,0,0,0,0
1,0,0,0,0,1,1
2,1,1,1,1,0,1
0,1,0,1,0,1,0
0,1,0,1,1,1,0
2,1,0,1,0,0,1
1,0,0,0,1,0,0
1,1,1,0,0,1,1
1,1,0,0,0,0,1
0,0,0,0,2,1,0
1,1,0,2,2,0,0
2,1,0,1,2,0,1
0,1,0,0,0,1,1
1,1,0,1,0,1,1
1,1,0,0,0,1,1
2,1,0,1,1,1,1
1,1,0,2,2,1,0
2,0,0,0,0,0,1
1,1,1,2,0,0,0
1,1,0,2,0,0,0
1,1,0,1,2,1,0
1,0,1,2,0,1,0
1,0,0,2,0,0,1
1,1,0,0,0,1,0
1,1,0,2,0,0,0
1,0,1,0,0,0,1
1,1,0,2,0,1,1
1,0,0,0,0,1,1
1,1,0,2,1,0,0
1,0,0,1,0,1,0
0,0,1,1,1,1,1
2,1,0,0,0,0,1
1,1,0,2,0,0,0
2,1,0,1,0,1,1
1,0,0,1,2,1,1
1,1,0,1,1,1,1
1,0,0,0,0,1,0
1,0,0,0,0,0,0
1,1,0,2,1,0,1
0,1,0,0,1,0,0
1,0,0,2,0,0,0
2,1,0,2,0,0,1
2,0,0,1,0,1,0
2,1,0,2,1,1,1
1,1,0,2,1,1,1
2,0,0,1,1,0,1
1,1,0,0,0,0,1
1,0,0,2,0,0,0
1,1,0,2,1,0,0
1,0,1,0,0,1,0
0,1,0,0,1,1,1
1,1,1,1,0,1,1
0,0,0,0,0,0,1
0,0,0,0,0,1,0
0,0,0,1,2,1,0
1,0,0,0,0,1,0
2,1,0,2,1,0,1
1,0,0,1,0,0,0
1,0,1,0,0,0,1
2,1,0,0,0,0,1
2,1,0,2,1,1,1
1,1,0,1,0,1,0
2,0,0,0,0,0,0
0,0,0,1,1,0,0
1,1,1,1,1,1,1
1,1,1,0,0,0,0
2,1,0,1,2,0,0
1,1,0,2,0,0,0
1,1,0,2,0,1,0
1,0,0,2,0,0,0
0,1,1,1,2,1,0
1,1,1,1,0,0,1
1,0,0,0,0,1,0
1,1,0,2,1,1,1
0,1,0,1,1,0,0
0,1,0,0,1,1,0
1,1,1,1,1,0,1
2,0,0,1,0,0,0
2,1,0,1,2,0,1
1,1,0,1,1,1,0
0,0,0,0,1,0,0
2,1,0,0,0,0,1
1,1,0,2,1,0,0
0,1,1,1,2,1,0
1,1,0,2,0,1,0
1,0,1,1,0,0,0
1,0,0,2,0,0,0
0,1,0,1,1,1,0
1,1,0,2,1,1,1
1,0,0,1,0,0,0
1,0,0,0,0,0,1
1,1,0,0,0,0,0
0,1,0,1,1,1,0
2,1,0,1,1,0,1
1,1,1,0,1,1,0
1,1,0,2,1,0,1
1,1,1,1,1,0,0
1,1,0,2,1,1,1
1,0,0,2,1,1,0
0,1,0,1,0,1,0
1,0,1,1,0,1,1
2,0,0,2,1,1,1
0,1,1,1,0,1,0
2,0,0,1,0,1,0
2,0,1,1,0,0,1
0,1,0,1,1,1,0
1,1,1,1,0,1,0
2,0,0,0,0,0,0
1,0,0,2,1,1,0
1,1,0,1,0,0,0
1,1,1,1,1,1,1
1,0,0,2,1,1,0
2,1,0,2,1,0,0
1,0,0,2,2,1,0
1,1,0,0,0,0,1
1,1,0,1,1,0,1
1,1,1,1,0,0,1
0,1,1,2,1,1,0
1,1,1,0,1,1,1
1,1,1,2,0,0,1
1,1,0,2,2,1,0
0,1,0,1,0,1,0
2,0,0,0,0,0,0
1,1,0,2,1,1,0
1,1,0,1,0,0,0
0,1,0,1,0,1,0
0,1,1,0,0,1,0
1,1,1,0,1,1,1
0,1,0,0,0,0,0
1,1,0,2,0,0,0
1,0,0,0,0,0,0
1,1,0,0,0,0,1
0,1,0,1,1,0,0
1,1,0,2,1,0,1
2,1,0,1,1,0,1
0,1,0,0,0,1,0
1,1,0,0,2,0,0
0,1,0,2,1,1,0
0,1,0,0,0,0,1
1,1,0,1,1,0,1
2,1,0,2,0,0,0
0,1,1,1,0,0,0
2,1,0,2,0,0,1
1,1,0,1,0,1,0
0,1,0,1,1,1,0
2,1,0,0,1,0,0
0,1,0,1,1,1,1
1,0,0,1,0,0,0
1,0,1,0,1,0,1
2,0,0,1,0,0,0
1,0,0,1,0,0,1
1,0,0,0,0,0,0
2,1,0,1,0,0,1
1,1,0,2,0,0,0
1,1,0,2,0,1,1
1,1,1,0,1,0,1
1,1,0,1,1,0,0
0,1,0,1,1,1,1
0,1,0,1,2,1,1
2,1,0,1,1,0,0
0,0,1,1,1,1,0
1,1,0,2,1,1,0
1,0,1,0,0,0,0
2,0,0,1,2,1,1
0,1,1,1,0,0,0
1,1,0,2,0,1,1
2,0,0,0,0,0,1
0,1,0,2,1,1,0
1,1,0,2,1,0,0
2,1,0,2,2,1,0
0,1,0,0,0,0,1
1,0,0,2,0,0,0
2,1,0,2,2,1,0
2,0,0,0,0,1,0
1,0,0,1,0,0,1
1,1,0,0,0,0,0
1,1,0,0,1,1,1
1,1,0,2,2,1,0
1,1,1,0,0,0,0
2,1,0,2,1,0,0
1,0,1,2,2,0,0
1,1,1,1,2,0,1
1,1,0,1,2,1,0
1,1,1,2,1,1,0
0,1,0,1,1,1,0
1,1,0,2,0,0,0
1,0,0,2,0,1,0
2,1,0,2,2,0,0
1,1,0,2,0,0,0
1,1,0,2,0,1,0
1,0,1,1,0,0,1
1,1,0,2,0,1,0
1,1,0,2,2,1,1
1,0,0,2,1,1,1
0,0,0,1,1,1,1
1,1,0,0,0,0,1
1,0,1,0,0,0,1
1,0,0,0,0,1,0
2,1,0,1,1,0,1
1,0,1,1,1,1,1
1,1,0,2,0,0,0
1,1,0,0,0,0,0
1,1,0,1,1,0,1
2,1,0,2,1,1,0
2,1,0,2,2,0,0
2,0,0,0,0,1,1
1,1,0,1,0,1,0
2,0,0,1,0,0,1
2,0,0,1,2,0,1
1,1,0,2,2,1,0
2,1,0,1,1,0,1
1,0,0,0,0,1,1
1,1,0,2,1,1,0
1,1,0,1,0,0,1
1,0,1,2,1,1,1
1,0,0,0,0,0,0
1,1,0,0,0,0,1
2,0,1,1,0,0,1
1,1,0,2,1,1,1
0,1,0,2,0,1,0
1,0,1,0,0,1,0
1,1,1,1,1,0,1
1,1,0,2,0,0,0
1,1,0,2,0,0,1
1,1,1,1,0,1,0
1,1,0,0,0,0,0
1,0,1,0,0,0,1
1,1,0,2,1,1,0
0,1,0,0,0,1,0
1,0,1,1,1,0,1
1,1,0,0,2,0,1
1,1,1,1,0,0,0
2,1,1,2,1,0,1
1,1,0,1,0,0,1
1,1,0,1,1,0,0
1,1,0,2,0,1,0
0,1,0,2,0,1,1
1,1,0,1,1,1,1
1,1,0,2,0,1,0
2,0,0,2,1,1,1
0,0,1,0,0,0,1
2,1,0,2,0,1,1
1,1,0,2,2,1,0
1,0,0,2,0,1,0
1,1,0,2,1,1,0
0,1,0,0,0,0,0
2,0,1,0,0,0,1
1,1,0,1,1,1,1
0,1,0,1,1,0,1
1,0,0,1,1,0,1
1,0,0,0,0,1,1
1,1,0,2,2,1,0
2,0,1,0,0,0,1
1,0,0,2,1,1,1
0,0,1,0,0,0,0
1,1,1,2,1,1,1
2,1,0,2,1,0,0
2,1,0,1,2,1,1
1,1,0,2,0,0,0
1,0,0,1,0,1,0
0,1,0,1,1,0,0
2,1,0,2,0,0,0
0,0,0,1,1,1,0
2,0,0,1,1,0,1
0,1,0,1,2,1,0
2,0,1,1,1,1,1
1,1,0,2,1,0,0
1,1,1,1,0,0,0
0,0,0,2,2,1,1
1,1,1,2,0,1,0
1,1,0,2,1,1,1
1,0,1,0,1,1,1
0,1,0,0,0,0,0
1,1,0,0,0,1,0
2,0,1,0,0,0,1
2,1,0,1,0,0,0
1,1,1,1,1,1,0
1,0,0,2,0,1,0
1,0,0,0,0,0,1
1,1,0,1,0,0,0
2,0,0,0,0,0,1
1,1,0,1,1,0,0
0,1,0,1,2,1,0
2,1,0,2,1,1,0
1,0,0,0,1,0,1
1,1,0,2,0,1,0
2,1,0,1,0,0,1
1,1,0,2,0,0,0
1,0,0,1,0,0,0
1,1,0,1,1,0,0
1,0,0,0,0,0,1
1,1,0,0,0,0,1
1,0,1,0,0,1,1
2,1,0,2,0,0,0
2,0,0,2,1,0,0
1,0,1,1,0,0,0
1,1,0,2,1,1,1
1,1,0,1,0,0,0
2,1,0,1,0,0,1
1,1,0,1,0,0,1
1,0,1,2,0,1,0
1,1,0,1,1,1,1
1,1,0,0,1,0,0
2,0,0,0,0,0,1
1,0,0,1,0,1,1
1,1,1,1,1,1,0
1,0,1,0,0,0,1
1,0,0,2,1,0,0
2,1,0,2,1,1,1
0,1,0,2,2,1,0
1,1,0,0,1,1,1
1,1,0,2,1,1,0
2,0,0,2,1,0,0
1,0,0,2,0,1,0
0,1,0,1,0,1,0
2,1,0,2,1,0,0
1,1,0,0,1,1,0
1,0,0,0,1,1,1
1,1,0,1,2,1,0
1,0,0,0,0,1,1
0,1,0,0,2,0,0
0,1,0,1,0,1,1
1,0,0,1,0,0,1
1,0,1,0,0,0,0
0,1,0,2,1,1,0
2,1,0,0,1,0,1
0,0,0,1,0,1,0
1,1,0,2,1,1,0
1,1,0,1,1,0,1
0,1,0,1,0,0,0
2,1,0,1,0,0,1
2,1,0,1,0,0,1
2,0,0,1,0,1,1
0,0,0,1,0,1,0
1,0,1,0,0,0,1
1,0,0,0,0,1,1
1,0,0,1,2,0,1
1,1,0,2,1,1,0
1,1,0,1,2,0,0
1,0,0,0,0,0,0
1,0,1,1,0,1,1
1,1,0,2,0,1,1
2,1,1,1,0,0,0
1,1,0,0,1,1,0
1,0,0,0,0,0,0
1,1,0,2,2,1,0
0,1,0,1,0,0,0
1,0,0,0,0,0,1
1,1,1,1,0,1,1
2,1,0,2,2,1,0
1,1,0,2,1,1,0
1,1,0,1,0,0,1
2,1,0,1,2,0,1
1,1,0,2,0,1,0
0,0,0,0,0,1,0
1,1,0,2,2,0,0
1,1,0,0,0,0,0
1,1,0,0,0,0,0
1,1,0,0,2,1,0
1,1,1,1,1,1,1
2,1,0,1,2,1,1
2,0,0,0,0,0,1
0,1,0,1,0,1,0
2,1,1,1,0,1,0
1,0,0,0,0,1,0
1,1,0,0,0,0,1
0,1,1,0,0,1,0
0,1,0,1,0,0,1
1,1,0,2,2,0,1
0,0,0,0,0,0,1
1,1,0,0,0,0,0
1,1,0,2,0,0,1
0,1,0,2,0,1,0
1,1,0,2,0,1,0
2,1,0,2,2,1,1
1,0,1,1,0,0,0
1,1,0,2,0,0,0
1,0,0,1,0,1,1
1,1,0,1,0,0,0
0,1,0,0,0,1,1
1,0,0,2,0,1,0
1,0,0,1,0,1,0
1,0,0,1,1,1,0
2,0,0,2,0,1,1
1,1,0,1,0,0,1
1,0,0,2,2,1,0
2,0,0,0,0,0,0
2,1,0,0,0,0,1
1,1,0,1,0,1,1
1,1,1,0,1,1,1
1,1,1,1,0,0,1
1,1,0,2,1,1,1
2,1,0,1,0,1,0
1,1,0,0,0,1,0
0,1,0,1,1,1,0
1,0,0,0,1,1,0
1,0,0,2,0,1,0
2,1,0,1,0,0,1
1,1,0,1,1,1,1
1,0,0,1,0,0,1
2,0,0,1,2,0,1
1,1,0,2,2,0,0
1,0,0,2,2,0,1
0,1,0,1,2,1,0
2,0,0,0,0,0,1
0,1,0,1,0,1,1
0,1,1,1,0,0,0
0,0,1,2,0,1,1
1,1,1,2,1,1,0
2,1,0,2,1,1,1
1,0,0,0,0,1,1
1,1,0,1,0,0,1
2,1,0,1,1,0,1
2,0,0,2,1,1,1
0,1,0,1,0,0,0
2,1,0,1,0,0,1
1,1,0,1,0,1,1
0,1,0,1,1,1,0
1,1,0,2,2,0,0
1,0,1,1,0,1,1
1,1,0,0,0,1,0
1,0,0,2,0,0,0
2,0,0,0,1,0,1
1,1,0,2,2,1,1
0,0,1,0,0,0,1
1,0,1,0,0,0,1
0,0,0,1,0,0,0
2,0,0,1,0,0,1
0,1,1,0,0,1,0
1,1,0,2,0,0,1
1,1,0,2,1,1,0
0,1,0,1,0,0,1
0,1,1,0,0,1,0
1,1,0,2,0,1,0
1,0,1,0,0,0,0
1,1,0,2,0,0,1
1,1,1,2,0,0,0
1,0,0,2,0,0,0
2,0,0,0,0,0,1
0,1,0,1,2,0,1
1,1,0,1,1,0,1
1,1,0,2,1,1,1
1,1,0,2,0,1,1
1,0,0,1,1,1,1
2,1,0,2,2,1,1
1,1,0,1,1,0,0
1,1,0,1,1,1,0
0,1,0,0,1,1,0
2,1,0,2,2,0,0
0,0,0,0,0,0,0
0,1,0,1,0,1,1
1,0,0,0,0,1,0
2,1,0,1,0,0,1
1,0,0,2,0,1,1
2,1,0,1,1,0,1
0,1,0,1,2,1,0
1,0,0,1,2,0,1
2,1,0,2,0,0,0
2,1,0,1,0,0,1
1,1,0,2,1,0,0
0,0,0,1,0,0,0
0,1,1,0,0,1,0
1,1,0,2,1,1,1
2,1,0,2,0,0,1
1,0,1,0,0,0,1
2,1,0,2,0,0,0
2,0,0,2,0,0,1
1,0,0,2,0,1,0
1,0,0,0,0,1,0
2,1,0,2,0,0,0
1,1,0,0,0,0,1
1,1,0,2,1,1,0
0,1,0,0,1,0,1
1,1,1,0,0,0,1
1,1,0,1,2,0,0
1,0,0,1,2,1,0
1,0,1,1,1,0,1
2,1,0,2,2,1,0
1,1,1,1,0,1,0
1,1,0,0,0,0,0
1,1,0,2,1,0,0
2,1,1,2,1,0,1
1,1,0,2,1,1,0
1,1,0,2,0,1,1
1,0,0,2,0,1,0
0,0,0,1,1,1,0
1,1,0,1,1,1,1
1,1,0,2,1,1,0
1,1,0,2,2,1,0
1,1,0,0,0,1,1
1,0,0,0,0,0,1
0,1,0,1,0,1,0
1,1,0,2,0,0,0
1,1,0,2,0,0,0
0,1,1,0,1,0,1
1,1,0,0,0,1,0
0,1,0,0,0,0,1
0,1,1,0,1,0,1
2,0,1,0,0,0,0
1,0,0,0,0,1,0
2,0,0,1,0,1,0
1,1,1,1,0,0,1
1,1,0,1,1,1,0
1,1,0,2,2,1,0
2,1,1,2,1,0,1
1,0,1,2,2,0,0
0,1,1,1,0,0,1
1,1,0,2,0,0,0
1,0,0,0,0,0,0
1,1,0,1,1,0,0
2,0,0,1,0,0,0
2,1,0,0,0,0,1
1,1,0,2,1,0,0
1,0,0,2,0,1,0
2,1,0,0,0,0,1
1,0,1,1,2,0,0
1,1,0,0,0,0,0
2,1,0,2,0,1,0
1,0,0,2,2,0,0
1,0,0,0,0,0,0
0,1,0,0,1,1,0
1,0,1,0,0,0,0
0,1,0,0,1,1,0
1,1,0,0,1,0,1
1,0,0,0,0,0,0
1,0,0,0,0,0,0
1,0,0,1,0,0,0
1,0,0,2,0,0,1
1,1,0,2,0,0,0
1,1,0,2,1,1,0
1,1,0,2,1,0,0
1,1,1,1,0,0,1
1,0,0,2,0,0,0
1,1,1,1,1,0,0
1,0,0,2,0,1,1
0,0,0,1,0,1,1
2,0,1,2,2,1,0
0,1,0,2,1,1,1
1,0,0,2,0,1,0
2,1,1,1,0,0,0
1,1,0,1,2,1,1
2,0,0,0,0,0,0
1,1,0,1,1,0,0
0,1,0,2,1,0,0
1,0,0,2,0,0,1
1,1,0,2,2,1,1
0,0,0,1,1,1,0
1,0,0,0,0,0,0
0,0,1,1,0,0,1
1,1,0,1,1,1,0
2,1,1,1,0,0,1
1,1,1,1,1,0,0
2,1,0,2,0,0,1
1,0,0,1,1,0,0
0,0,1,1,0,1,1
0,1,0,1,0,1,0
2,1,0,1,1,0,1
1,0,0,2,1,1,1
2,1,1,1,0,0,1
1,0,0,1,1,0,0
2,1,0,2,0,1,0
1,0,0,0,1,1,0
1,1,0,1,0,0,0
0,1,0,1,2,1,0
2,0,0,0,0,0,0
1,1,1,1,0,0,1
0,1,0,0,0,1,0
1,0,0,2,2,0,0
1,0,0,1,0,0,1
1,0,1,0,1,1,1
0,1,1,1,2,1,0
2,0,0,0,0,0,1
1,0,0,2,0,1,1
2,1,0,1,0,0,0
2,1,1,1,2,0,0
2,1,0,1,0,0,0
2,1,0,0,0,0,0
1,0,0,1,1,0,1
2,0,1,0,1,0,1
1,1,0,2,1,0,1
1,0,0,2,0,1,0
1,1,0,1,0,0,1
1,1,0,1,1,1,1
0,1,0,1,1,1,0
1,1,0,2,0,0,0
1,0,0,2,1,1,0
2,0,0,1,0,0,1
1,1,0,1,0,1,1
1,1,1,0,0,0,0
1,0,0,1,0,0,0
2,0,1,0,0,1,1
1,1,1,0,0,0,0
1,1,0,1,0,0,1
1,1,1,0,0,0,0
1,0,0,0,0,0,0
1,1,0,2,0,0,1
0,1,0,0,1,0,0
1,1,1,0,1,1,1
0,1,0,2,1,1,0
1,0,0,0,1,0,1
1,1,1,2,1,1,1
2,0,0,1,1,0,0
1,0,1,0,0,0,0
1,0,0,1,0,1,0
1,1,1,2,1,0,1
0,0,1,0,0,0,0
1,0,0,1,0,0,0
1,1,0,1,0,1,0
0,0,0,0,0,0,0
1,1,0,2,1,1,0
0,0,1,1,0,0,0
1,1,0,2,0,1,0
0,1,0,0,0,1,1
1,1,0,2,0,1,0
1,1,0,2,2,1,1
0,0,0,1,1,1,0
1,1,0,2,1,1,0
1,0,0,1,2,0,0
1,1,0,1,0,1,1
2,0,0,1,0,1,1
0,0,0,1,1,1,1
2,1,1,2,0,0,0
1,0,1,1,0,0,1
2,1,0,0,0,1,0
1,0,0,0,0,0,0
1,1,0,2,2,1,0
2,1,0,2,1,0,0
1,0,0,1,1,1,0
2,0,0,2,0,1,0
1,0,0,2,0,0,1
0,1,0,0,0,0,0
0,1,0,1,0,1,0
1,1,1,0,0,0,0
2,0,0,0,0,0,0
2,1,1,2,1,1,1
2,1,0,1,0,1,0
1,1,0,0,0,0,1
0,1,0,1,1,0,0
2,1,0,2,1,1,0
1,0,0,2,0,1,0
1,1,0,2,0,1,0
1,1,0,1,2,0,1
1,1,0,2,1,1,0
1,1,0,2,1,1,0
1,0,0,2,1,1,0
1,0,0,1,0,1,0
2,1,0,1,0,0,0
1,1,0,1,0,1,1
1,1,0,2,2,1,0
0,1,0,1,0,0,1
1,1,0,1,0,0,0
1,1,0,2,0,1,0
1,1,0,1,0,0,0
2,0,0,0,0,1,1
0,1,0,2,1,1,0
1,1,1,2,1,1,1
2,1,0,2,0,0,0
0,0,0,1,1,1,0
2,1,0,2,1,1,0
0,0,0,1,0,1,0
2,1,0,1,1,0,0
2,0,0,1,2,0,1
2,1,0,2,0,0,1
1,0,1,0,0,0,1
1,1,0,2,0,0,1
1,1,0,0,0,1,0
2,1,0,1,0,0,1
1,0,1,1,0,0,0
2,1,0,2,2,0,1
1,1,0,0,1,1,0
2,1,0,2,0,0,0
2,0,0,0,1,0,0
0,0,0,2,0,1,0
0,1,1,1,0,0,0
1,1,1,1,0,0,0
1,0,0,2,2,0,0
1,0,1,2,2,1,1
2,0,0,0,0,0,0
1,1,1,1,1,0,1
1,1,1,1,1,1,1
1,1,0,2,1,1,0
1,1,0,2,1,0,0
0,0,0,1,0,1,0
1,1,0,2,0,0,1
1,0,0,0,0,1,1
0,1,0,0,2,0,0
1,0,0,2,0,1,1
2,0,0,2,1,1,0
1,1,0,1,0,0,0
1,1,0,2,1,1,0
1,1,0,2,1,1,0
2,0,0,2,0,1,0
0,1,0,1,1,1,0
1,1,0,2,1,0,0
2,0,0,0,0,0,1
1,1,0,2,1,0,0
2,1,1,1,0,0,0
0,1,1,0,1,1,0
2,1,0,2,0,1,1
1,1,0,2,0,1,0
1,0,0,1,2,0,0
2,1,0,2,1,1,1
1,1,0,2,1,1,0
0,0,1,0,1,0,0
1,1,0,2,0,1,0
2,1,0,2,1,0,1
2,1,1,0,0,0,1
2,1,0,0,1,0,0
1,0,1,0,0,0,0
2,0,1,0,0,0,1
1,1,0,1,1,1,0
0,1,0,0,2,1,0
1,0,1,0,0,1,1
1,0,0,1,1,0,1
0,1,0,0,0,0,1
1,0,0,2,1,1,0
1,1,1,1,2,0,1
0,1,1,0,0,0,1
2,1,1,0,0,0,0
1,0,0,2,0,1,0
1,1,0,2,0,1,0
1,1,0,2,0,0,1
1,0,0,0,2,1,0
1,1,1,2,0,0,0
1,0,0,1,2,1,0
1,1,0,1,0,0,1
2,1,0,2,1,1,0
1,1,0,1,1,0,1
1,0,0,1,2,0,0
1,1,1,1,0,0,0
1,1,1,2,0,1,1
0,1,0,1,1,1,0
1,1,0,0,1,0,1
2,1,0,1,1,1,1
0,0,1,0,0,0,0
1,1,0,2,0,1,0
0,0,0,1,2,1,0
1,1,1,2,2,0,0
0,1,0,1,0,1,1
2,0,0,1,0,0,1
1,1,0,2,1,1,1
1,0,0,0,1,0,1
0,0,0,2,1,1,1
0,1,0,1,0,1,0
2,0,0,0,0,1,0
2,1,0,2,0,1,0
1,0,0,1,0,0,1
2,0,1,2,1,1,1
0,0,0,1,0,0,0
1,1,1,0,0,0,0
2,0,0,2,2,0,0
2,1,0,1,0,1,1
2,1,1,2,0,0,0
1,0,0,2,1,1,1
1,1,0,0,1,0,1
1,1,0,2,1,1,0
2,1,0,1,1,0,1
2,1,0,2,1,1,0
1,1,0,1,0,0,1
1,1,1,1,0,1,0
1,1,0,1,1,0,1
2,1,0,1,2,0,1
2,0,0,0,0,0,1
1,1,0,0,2,0,0
1,1,0,1,0,0,1
1,1,0,1,2,1,0
2,1,1,2,2,1,1
0,1,0,1,2,1,0
0,1,0,0,0,0,0
1,1,1,1,0,1,0
2,1,1,0,0,0,0
2,0,1,0,0,0,1
2,0,0,0,0,0,0
0,0,0,0,0,0,0
1,1,0,0,0,0,0
2,1,0,0,0,1,0
1,1,0,2,2,1,0
2,1,0,1,0,0,0
1,1,0,1,1,1,1
0,1,0,2,2,1,0
1,1,0,1,0,1,0
0,1,1,0,0,0,0
1,1,0,0,0,0,0
1,1,0,2,1,1,1
2,1,0,0,1,0,0
1,1,0,1,1,0,0
0,0,0,1,0,0,1
1,0,0,1,0,1,1
1,1,0,0,0,0,0
1,0,1,1,0,1,1
1,1,0,0,2,1,0
1,1,0,1,1,0,1
1,0,0,2,0,1,0
0,0,0,0,0,0,1
1,0,1,0,0,0,1
0,1,0,1,0,1,0
2,1,0,1,0,0,0
0,1,0,1,2,1,0
1,1,0,1,0,0,1
1,1,1,1,1,0,0
1,0,0,0,0,1,0
1,0,0,1,1,1,1
0,0,0,0,0,1,0
1,0,1,1,0,0,0
1,1,0,2,0,1,0
1,1,1,2,1,0,1
0,1,0,1,0,1,0
1,1,1,1,0,0,0
1,1,1,2,1,1,0
1,1,0,0,0,1,0
0,1,0,0,0,0,0
1,1,0,1,0,1,1
0,1,0,0,0,0,1
1,1,0,0,0,0,0
1,1,0,1,0,0,0
0,1,1,1,0,0,0
0,1,1,1,1,0,0
1,0,0,0,0,1,0
1,1,0,2,1,0,0
1,0,0,1,0,1,1
0,1,1,0,0,1,1
0,1,0,1,1,1,0
1,0,0,1,1,1,0
0,0,1,1,0,1,0
1,0,0,0,1,0,0
1,1,0,1,1,1,1
1,1,0,2,1,1,1
1,1,0,0,0,0,1
2,0,0,1,0,0,1
1,1,0,2,1,1,0
1,1,1,2,2,0,1
1,1,0,0,0,0,1
1,0,0,0,0,0,1
1,1,0,2,1,0,0
0,1,0,0,0,0,0
1,0,0,0,0,0,1
1,1,0,2,0,1,0
1,0,1,2,0,0,1
0,1,0,1,1,0,0
1,0,1,0,0,0,0
1,1,0,2,1,0,0
1,1,0,1,1,0,1
1,0,1,0,0,0,1
1,1,0,2,2,1,0
1,1,0,1,0,0,0
1,0,1,1,2,0,1
1,0,1,0,1,0,0
1,1,1,1,1,0,1
1,1,0,1,0,1,0
1,0,1,0,0,0,0
1,0,0,1,0,0,1
1,0,1,0,0,0,0
1,0,1,0,0,0,1
0,1,0,1,1,1,1
0,1,0,0,0,0,0
0,0,0,1,0,1,0
2,1,0,0,2,1,0
1,1,1,1,0,1,0
0,0,0,1,0,0,0
1,0,0,1,2,1,0
0,1,0,2,1,1,0
0,0,1,0,1,0,1
1,1,0,1,0,1,1
0,0,1,0,0,1,0
1,1,0,0,0,1,1
1,0,1,0,0,1,1
1,1,0,2,1,1,0
1,1,0,1,2,0,0
0,0,0,0,0,1,1
1,0,1,0,0,0,1
1,1,0,2,1,1,0
1,1,1,0,0,0,1
2,1,0,2,0,0,0
1,0,1,0,0,0,1
1,1,0,2,0,1,0
2,1,0,0,0,0,1
0,0,0,1,0,0,0
1,1,1,1,0,0,0
2,0,0,1,0,0,1
2,0,1,2,0,1,0
2,1,0,2,2,0,0
2,1,0,1,0,0,0
1,0,1,1,0,0,1
1,1,0,2,0,1,1
0,1,0,0,1,1,0
0,1,0,1,1,0,1
0,1,0,0,0,0,0
1,1,0,1,0,0,1
1,0,1,1,0,0,1
2,1,0,2,2,1,0
1,1,0,1,0,1,1
0,1,0,0,1,1,0
1,1,0,2,1,1,0
1,1,0,0,0,0,0
0,1,0,1,1,1,0
0,1,0,1,2,1,0
0,1,0,1,0,0,1
0,1,0,1,0,0,0
1,0,1,0,0,0,0
2,0,1,0,0,1,1
1,1,0,1,0,0,0
2,1,0,2,1,1,0
1,1,0,0,0,1,0
1,1,0,1,0,0,1
2,0,0,0,0,0,0
0,1,1,1,1,1,1
1,0,1,2,0,1,1
0,1,0,0,0,1,1
2,0,0,1,1,1,1
1,1,1,1,1,1,1
1,1,0,2,0,1,0
0,0,0,0,0,1,0
1,1,1,2,0,0,0
1,1,0,0,1,1,1
1,1,0,2,0,1,1
1,1,0,1,0,1,1
1,0,1,0,0,0,0
2,0,0,1,0,0,1
0,1,0,0,1,1,1
1,1,0,2,0,0,0
1,1,0,0,1,0,0
1,0,0,2,0,1,0
0,0,1,1,0,0,0
1,1,0,2,2,0,1
2,1,0,1,2,0,0
0,1,0,0,0,0,1
1,1,1,1,1,0,0
2,1,0,1,1,1,1
1,1,0,2,0,1,0
2,0,1,1,0,0,1
1,1,0,0,2,0,1
2,1,0,2,1,1,0
1,0,1,0,0,0,0
1,0,0,1,1,1,1
0,1,0,1,0,1,0
1,1,0,0,0,0,0
1,0,0,1,0,0,0
2,1,0,2,2,0,0
1,0,0,0,0,0,1
1,1,0,1,0,1,0
0,1,1,0,0,0,0
0,1,1,1,0,0,0
1,1,0,2,0,1,0
1,1,0,2,0,1,0
2,1,1,1,1,0,0
1,1,0,2,1,1,0
0,1,0,1,1,0,0
1,1,1,0,2,1,0
1,0,0,2,0,0,0
1,1,0,1,1,0,0
1,1,0,0,0,0,0
0,1,0,1,0,1,0
1,1,0,1,1,1,1
1,0,0,1,0,1,0
1,1,0,0,0,0,1
1,0,0,0,0,0,0
0,1,0,1,1,1,1
1,1,1,0,0,0,0
0,1,0,1,0,1,1
0,1,0,1,2,1,0
1,1,1,0,1,0,1
2,1,0,1,0,0,1
2,1,1,1,0,1,0
0,1,1,2,0,1,0
1,0,1,0,0,0,1
0,1,0,1,1,1,0
1,1,1,2,0,1,0
1,1,0,0,0,0,0
1,0,0,1,0,1,1
2,1,0,1,1,0,1
0,1,0,0,0,0,0
0,1,0,1,0,1,0
1,1,0,1,1,1,0
1,1,1,0,0,0,0
1,0,0,0,0,1,0
2,1,1,1,0,0,1
0,0,0,0,0,0,1
1,1,0,2,0,1,0
1,1,0,2,1,1,0
0,1,0,2,2,1,0
1,0,0,0,0,0,1
1,0,0,1,0,0,1
1,1,1,2,0,1,0
1,1,0,0,0,1,1
2,0,0,2,0,0,0
1,1,0,0,0,1,1
2,0,0,1,1,0,0
1,1,0,1,1,1,0
0,0,1,0,0,1,0
1,0,0,1,0,1,0
0,1,0,0,0,0,0
2,0,0,2,1,1,0
0,1,0,1,1,0,1
1,1,0,1,2,0,0
1,1,1,1,0,1,1
1,1,1,2,0,0,0
2,0,0,2,1,1,0
0,1,0,1,1,1,0
2,1,0,2,1,1,0
2,0,0,2,1,0,0
1,1,0,0,0,0,0
0,1,0,0,0,0,1
1,1,0,0,0,1,1
1,0,0,0,0,1,0
1,1,0,1,1,0,1
1,1,0,1,2,0,1
1,0,1,0,0,1,0
1,1,0,2,1,0,0
2,0,0,0,0,1,0
1,1,0,2,1,1,1
1,0,0,2,1,1,0
2,0,1,1,0,0,1
0,1,0,1,1,0,0
1,1,0,1,0,1,1
1,1,0,2,0,1,0
1,1,1,1,0,1,1
0,1,0,0,0,0,1
0,1,0,0,0,1,0
1,1,0,2,2,1,0
1,1,0,0,0,0,0
1,1,0,1,0,0,0
1,1,0,2,2,1,1
1,0,0,0,1,1,0
2,1,0,1,0,0,0
2,1,0,1,2,0,1
1,1,0,0,2,0,0
2,0,0,0,0,0,1
1,1,0,1,2,0,1
0,0,0,1,2,0,0
1,1,1,2,2,0,0
0,0,0,0,0,1,1
2,0,0,2,1,1,0
1,0,0,2,0,1,0
0,1,0,1,2,1,1
1,1,0,1,1,0,1
0,1,0,1,1,0,0
1,0,0,2,0,1,0
0,0,1,2,0,1,1
1,0,1,0,0,1,1
1,1,0,2,0,1,0
2,1,0,2,0,1,0
1,1,0,1,1,0,1
2,0,1,0,0,0,1
0,1,1,0,1,0,1
2,0,0,2,1,1,0
1,1,0,1,0,0,1
0,1,0,1,1,0,0
1,1,0,2,1,0,0
0,1,0,1,2,1,0
1,1,0,1,0,0,0
1,0,0,2,1,1,0
0,1,1,0,1,0,1
2,0,0,2,0,1,1
1,1,0,2,1,1,0
1,1,0,2,2,1,0
1,0,0,2,2,1,0
2,1,0,0,0,0,1
1,1,0,1,2,0,1
2,0,0,1,1,1,1
2,0,0,2,2,1,0
0,1,0,0,1,1,0
1,1,0,2,2,0,0
2,1,0,0,0,0,1
0,0,0,1,0,0,0
2,1,0,1,1,1,1
1,0,0,0,1,1,0
1,0,0,2,1,1,1
1,1,1,2,0,0,0
2,0,1,0,0,0,1
1,1,0,2,0,1,1
1,1,0,2,1,1,0
2,1,0,1,1,0,1
1,1,0,1,1,1,0
1,1,1,0,0,0,0
1,0,1,0,0,1,0
1,1,0,1,0,0,1
2,1,0,1,0,0,0
1,0,0,1,0,0,0
1,1,0,1,0,1,0
0,1,0,1,1,0,1
0,0,1,0,2,1,0
1,1,0,2,0,1,0
0,0,0,0,1,0,0
2,0,0,1,0,0,1
2,1,0,2,0,0,0
1,1,0,1,1,1,1
0,1,0,2,0,1,0
2,1,0,1,1,1,0
1,0,0,2,0,1,0
2,1,0,1,0,0,1
1,1,1,1,0,0,0
1,0,1,1,2,0,0
0,1,0,0,0,0,1
1,1,0,1,1,0,1
0,1,1,1,1,0,0
1,1,0,1,0,0,1
1,1,0,2,0,1,0
1,1,0,2,2,0,0
1,1,0,1,0,1,0
1,1,1,1,1,0,1
1,0,0,2,0,1,0
1,0,0,1,2,0,0
0,0,0,0,0,1,1
1,0,0,1,2,1,0
2,1,0,2,0,0,0
1,1,0,0,1,0,1
0,1,0,1,0,1,0
1,1,0,1,0,0,0
0,1,0,1,2,0,0
1,1,0,1,2,0,0
2,1,0,0,0,0,0
1,0,0,1,0,0,1
1,1,0,0,1,1,1
1,1,0,1,2,0,0
1,0,0,2,1,1,0
1,0,1,2,0,1,0
1,1,0,2,0,1,0
1,1,0,2,0,0,1
1,0,0,0,2,0,0
1,1,0,1,1,0,0
1,1,1,2,1,1,1
2,1,0,1,0,0,0
0,1,0,1,0,1,0
1,1,0,2,0,1,0
1,1,0,2,2,1,1
2,1,0,1,1,0,1
1,1,0,2,2,1,1
1,0,0,1,0,0,0
1,1,0,2,2,1,0
0,1,0,1,1,0,1
1,0,0,1,1,0,1
2,0,1,0,0,0,1
1,0,0,2,0,0,0
0,1,0,1,0,1,0
0,0,1,0,0,0,0
1,0,0,1,0,1,0
1,0,0,2,1,1,0
0,1,0,1,0,0,1
0,1,1,1,0,1,0
1,1,1,1,0,0,0
2,1,0,2,2,0,0
1,1,1,1,2,1,0
1,0,0,2,0,1,0
0,1,0,0,0,1,1
1,0,0,2,0,1,0
0,1,0,1,0,1,1
1,1,0,2,0,1,0
1,0,0,2,0,0,1
2,1,0,1,2,0,1
1,0,1,2,0,1,1
2,0,0,2,0,0,0
0,1,0,0,1,0,1
1,1,0,2,1,0,0
2,0,1,0,0,0,1
2,0,1,0,0,0,1
2,1,0,2,2,0,0
1,0,1,0,0,0,1
2,0,0,2,1,0,1
0,1,1,2,0,1,0
1,0,0,1,1,1,0
1,0,0,2,0,1,0
1,0,0,0,0,0,1
1,0,1,1,0,0,0
1,1,0,1,0,0,1
0,1,0,1,1,1,0
1,1,0,1,1,0,1
1,1,0,1,0,1,0
1,1,0,2,1,1,0
1,1,0,1,2,0,0
1,1,1,2,0,0,0
1,0,0,2,0,0,0
1,1,1,1,0,0,0
1,1,0,2,0,1,0
0,1,0,1,1,0,1
1,1,0,1,0,1,0
1,1,0,2,1,1,0
1,1,0,0,0,0,1
2,1,0,1,0,1,1
1,1,0,2,1,0,1
1,1,0,2,0,1,1
0,0,0,1,0,1,0
1,1,0,1,2,0,0
1,1,0,1,2,0,0
1,0,0,1,0,1,1
0,1,0,1,2,1,1
1,1,0,0,0,0,0
1,1,0,2,1,1,0
1,1,0,0,0,0,1
0,1,0,1,1,0,0
1,0,0,0,0,0,0
1,1,0,2,1,1,0
1,1,1,1,0,1,0
1,1,1,0,2,1,1
1,1,0,2,0,1,0
0,1,0,1,0,1,0
0,1,0,2,2,1,0
1,0,0,1,0,1,0
1,1,1,0,1,1,1
1,0,0,0,1,1,0
1,1,0,0,0,1,1
1,1,0,0,1,0,1
1,1,0,1,0,1,0
0,1,0,1,0,1,0
1,1,1,0,0,0,0
1,0,0,0,0,0,0
2,0,1,2,0,0,1
1,0,1,1,1,0,1
0,1,0,1,1,0,1
0,1,1,1,0,0,1
0,0,1,2,0,1,0
1,1,0,1,1,0,1
1,0,1,1,1,0,0
1,1,0,2,0,1,0
2,0,0,2,1,0,0
1,1,0,2,2,1,0
0,0,0,1,0,1,0
1,0,0,1,0,1,0
1,1,1,0,1,0,0
1,1,0,2,0,1,0
0,1,0,1,0,1,1
0,1,0,1,2,0,0
2,1,0,1,1,1,1
0,1,0,1,0,1,0
1,1,0,2,1,0,1
0,1,0,0,0,1,0
2,1,0,1,1,0,0
0,0,0,0,1,1,0
1,1,0,1,0,0,1
1,1,0,2,1,1,0
1,0,1,1,0,0,0
1,0,0,2,0,1,1
1,1,0,2,2,1,0
0,0,1,2,2,1,1
0,1,0,1,1,1,0
1,1,1,1,0,1,0
2,1,0,1,0,0,1
1,0,0,2,1,0,0
1,1,0,0,0,1,1
0,1,0,1,0,1,0
2,1,1,0,0,0,1
0,1,0,1,0,0,0
1,1,0,0,1,1,1
1,0,0,0,0,0,1
0,1,0,1,1,0,0
2,1,0,0,0,1,0
1,1,0,0,0,0,0
0,1,0,0,0,0,0
1,1,0,2,0,0,0
1,0,0,2,1,0,0
0,0,0,0,1,1,1
1,1,0,1,0,0,1
0,1,0,1,2,0,0
1,1,1,0,0,0,0
1,1,1,2,1,1,1
1,1,0,1,1,1,0
1,1,0,2,0,0,0
1,0,1,1,0,0,0
0,1,0,1,0,0,0
2,1,0,0,0,0,1
0,0,1,0,0,0,0
1,1,1,0,0,0,0
1,1,0,2,0,1,0
1,0,0,2,1,1,0
2,0,0,1,2,0,1
1,0,0,1,0,1,0
0,1,0,0,1,0,0
1,1,0,2,0,1,0
1,1,0,2,1,1,0
2,0,0,1,0,1,1
0,1,0,1,1,1,0
0,1,0,0,0,0,1
1,0,0,0,0,0,1
1,1,0,1,0,1,1
1,1,0,2,0,1,0
2,0,0,0,0,0,1
2,0,0,1,0,0,1
2,0,0,2,0,0,0
0,1,0,1,1,0,0
1,1,0,2,1,1,0
0,1,0,0,1,0,1
1,1,0,1,1,0,1
0,1,0,0,2,1,1
1,0,0,1,0,1,0
1,1,1,2,1,1,0
1,1,0,1,0,0,1
0,1,0,0,0,1,0
1,0,1,1,0,0,0
0,1,1,0,0,1,0
2,0,0,2,0,0,1
0,1,0,0,0,0,1
0,1,0,0,2,1,0
1,0,0,1,0,0,1
1,1,1,1,0,0,0
1,1,0,2,2,1,1
1,1,0,1,0,0,0
1,1,0,0,0,0,0
0,1,0,0,1,1,0
0,1,0,1,0,1,0
1,1,0,1,1,0,1
0,1,0,1,1,1,0
1,0,0,0,0,1,0
1,0,1,0,0,0,0
1,1,0,1,1,0,0
0,0,1,0,2,0,1
1,1,0,2,0,1,0
1,1,0,1,0,1,0
1,1,0,1,0,0,1
0,0,0,0,2,1,1
1,0,1,2,0,0,0
1,1,0,1,0,1,0
1,1,0,1,0,1,1
1,1,0,1,2,1,0
1,1,0,1,1,0,1
2,1,1,1,2,0,0
1,1,0,2,2,1,0
2,0,0,2,1,0,1
2,1,1,2,2,1,0
0,1,0,1,0,0,1
0,0,0,1,2,0,1
2,1,1,0,1,0,1
1,1,0,0,1,0,0
0,0,0,0,0,1,0
2,0,1,0,0,0,1
0,0,0,0,0,0,1
1,1,0,2,0,0,1
1,1,0,1,1,1,1
1,1,0,2,2,0,1
1,1,0,1,0,0,0
1,0,1,1,0,0,1
1,1,0,1,1,0,1
1,0,1,1,0,0,0
0,0,1,1,2,0,0
1,1,0,0,0,0,0
1,1,0,0,1,0,0
2,0,0,2,0,1,1
1,1,0,2,0,1,0
2,0,1,1,2,0,1
1,1,0,1,2,1,0
1,0,1,1,1,0,0
2,1,1,1,0,1,1
1,0,0,0,0,1,0
1,0,0,2,0,1,0
1,1,0,1,2,1,0
0,1,0,2,0,1,0
1,1,0,2,1,0,0
1,1,0,2,0,1,0
2,0,0,0,1,0,1
2,0,0,1,0,1,0
1,0,0,2,1,1,1
0,1,1,1,0,0,0
2,1,0,2,2,1,1
2,0,0,1,1,1,1
1,1,0,0,0,0,0
2,1,0,1,0,0,0
0,1,0,1,0,1,0
1,1,0,2,0,1,1
0,1,0,0,0,1,1
1,1,0,0,0,0,0
2,0,0,0,1,0,1
1,0,1,0,0,0,0
1,1,0,0,0,0,0
1,1,0,1,0,1,1
2,1,0,2,1,0,0
0,1,0,2,0,0,0
2,1,0,0,1,1,0
2,1,0,1,0,0,0
0,0,0,0,0,0,0
2,1,0,1,0,1,0
1,1,0,1,1,1,1
1,1,0,2,0,1,0
0,1,0,2,0,1,0
1,1,0,1,0,0,0
1,1,0,1,0,0,1
0,1,0,0,0,0,0
2,1,1,2,0,1,1
2,1,1,0,0,0,1
1,0,0,1,0,0,1
1,0,0,0,0,0,0
1,1,0,2,1,1,0
2,1,0,1,0,0,0
0,0,0,0,1,1,0
0,1,0,0,0,1,1
1,0,0,1,0,1,1
1,0,1,0,0,0,1
1,1,0,2,0,1,0
2,0,0,1,1,1,1
2,1,0,1,1,0,1
1,1,1,1,0,0,0
0,1,1,1,0,1,0
1,1,0,0,0,0,0
1,1,0,2,0,1,0
2,1,0,2,0,1,1
2,0,0,1,0,0,1
0,1,0,1,1,1,0
2,0,0,0,0,0,0
1,0,0,0,0,0,0
1,1,0,2,0,1,0
0,1,0,0,1,1,0
1,1,0,2,1,1,0
1,1,0,1,0,1,0
1,1,0,0,0,0,0
2,1,1,1,1,0,1
0,1,0,1,1,1,1
0,1,0,0,0,0,0
0,0,0,0,1,0,0
1,1,0,2,2,1,0
1,1,0,2,0,1,0
2,0,0,0,0,1,0
0,1,1,0,0,1,0
0,1,1,1,2,1,0
2,0,0,0,0,0,0
2,0,0,1,0,0,1
1,1,0,2,0,1,0
1,0,0,1,0,1,1
2,0,0,2,2,1,0
1,0,0,1,0,1,0
1,1,0,0,0,1,0
2,0,1,1,0,0,1
1,1,0,1,1,0,0
0,1,0,0,0,0,1
1,1,0,1,0,0,1
1,0,0,2,1,0,0
0,1,0,0,1,1,0
2,0,0,2,0,1,1
1,1,0,1,1,0,1
1,1,0,2,0,1,1
2,0,0,1,0,0,0
1,0,0,1,0,1,1
0,1,0,0,0,1,0
0,1,1,1,0,1,0
1,0,0,1,1,1,1
2,1,0,2,1,0,0
1,1,1,2,1,1,1
2,0,0,1,0,0,1
1,1,0,2,0,0,0
0,1,0,1,1,1,0
1,0,1,2,0,1,1
1,1,0,1,0,0,0
1,0,0,1,0,1,0
0,1,0,1,1,1,0
1,1,0,2,0,1,0
1,1,0,1,2,0,0
1,1,0,2,0,1,0
1,1,0,2,1,1,0
0,0,0,1,2,1,0
1,1,1,2,0,0,0
0,0,1,1,0,0,1
1,1,0,1,0,1,0
2,0,0,2,2,1,1
1,0,0,2,0,1,0
2,1,1,1,0,0,0
1,1,0,1,0,1,0
1,0,0,1,0,0,1
1,1,0,2,2,1,1
1,1,0,1,0,1,0
2,1,1,0,0,1,1
1,0,0,1,0,0,1
1,0,0,2,2,1,0
1,1,0,2,2,0,0
1,0,1,2,0,1,1
1,1,0,1,1,0,1
0,0,0,1,1,1,0
1,0,0,2,0,1,0
1,1,0,1,0,0,1
2,1,1,0,2,1,1
0,1,0,1,1,1,0
1,1,1,1,0,1,0
1,0,0,2,1,1,0
1,1,0,1,1,0,0
1,0,0,2,0,1,0
2,1,0,1,1,0,1
0,0,0,0,0,1,0
0,1,0,1,1,0,1
2,1,0,2,0,0,0
1,0,0,0,0,0,1
1,0,0,0,0,0,1
0,1,1,0,1,0,1
1,0,0,1,0,1,1
1,0,0,1,0,1,0
0,1,1,0,0,1,1
1,1,1,1,0,0,0
2,1,0,2,2,1,0
1,1,0,1,1,0,0
1,1,1,0,0,0,0
0,1,1,1,1,1,0
0,1,0,1,1,1,0
1,1,0,1,0,1,1
1,1,0,2,2,1,0
1,0,0,0,0,0,0
2,1,0,1,0,0,1
1,1,0,2,1,1,1
1,1,0,0,2,1,1
1,0,0,2,1,0,0
2,0,0,2,0,1,0
0,1,0,0,1,0,0
1,0,1,0,0,0,1
0,1,0,0,0,1,0
0,0,1,0,0,1,1
1,1,0,1,0,0,0
2,1,0,2,1,1,0
1,0,0,2,1,1,1
2,0,0,0,0,0,1
2,0,1,0,0,0,0
1,0,1,0,1,0,0
1,1,0,1,1,1,0
0,1,0,2,1,1,0
2,1,0,2,0,0,0
1,0,0,2,0,0,0
0,1,0,0,1,1,1
1,0,0,2,0,0,0
2,0,0,0,1,0,1
1,1,0,0,0,0,0
1,1,0,0,0,0,0
2,1,0,2,0,0,0
1,1,0,2,0,1,0
0,1,0,0,0,0,0
1,1,0,2,1,0,0
2,1,0,2,1,1,1
1,1,0,0,0,0,1
1,1,1,1,1,0,0
0,0,0,2,0,1,1
1,0,0,2,0,0,0
1,0,0,1,0,0,0
1,0,0,2,1,1,1
1,1,1,2,2,1,0
1,0,0,1,0,0,1
1,1,0,1,0,0,1
0,1,0,0,1,0,1
1,1,0,0,0,0,0
1,0,1,0,0,0,1
1,1,0,1,1,0,0
0,1,0,1,2,1,0
2,0,0,2,1,0,1
2,0,1,1,0,1,1
1,1,1,0,0,0,0
1,0,0,0,0,0,0
1,1,0,2,2,1,0
1,1,0,2,0,1,0
1,1,0,1,1,1,1
1,1,1,0,0,0,1
1,0,0,0,0,0,0
1,0,0,0,0,1,0
0,1,0,2,0,1,1
1,1,0,2,0,1,1
0,0,0,0,0,0,0
2,1,0,2,2,1,1
1,1,0,2,0,0,1
0,0,0,1,1,0,0
1,1,0,0,0,0,0
0,1,1,0,1,1,0
1,1,0,2,0,1,1
1,1,0,2,1,1,0
0,1,0,1,2,1,0
1,0,0,2,1,0,0
2,1,0,2,1,1,1
1,1,1,1,2,1,1
2,1,0,2,1,1,0
1,1,1,1,0,1,0
2,0,0,1,0,0,0
1,1,0,0,0,0,1
1,1,0,2,2,1,1
1,1,0,1,0,0,0
1,0,0,1,2,0,0
1,1,0,2,0,1,0
0,0,0,0,0,0,1
2,0,0,2,0,1,0
1,1,0,2,2,1,0
1,1,0,2,1,1,1
2,1,1,0,0,0,1
2,1,0,2,2,0,1
0,1,0,1,0,1,0
1,0,0,2,0,0,0
1,0,1,1,1,1,0
1,1,0,1,0,1,0
2,0,0,0,0,1,1
0,1,1,0,0,1,1
0,0,0,1,1,1,0
1,0,0,2,0,1,0
1,0,0,0,0,0,1
1,0,0,2,0,1,0
2,1,1,0,0,0,0
1,0,0,1,0,0,1
1,1,0,0,1,0,0
0,1,0,2,2,1,1
1,1,0,2,1,1,0
0,1,0,1,0,0,0
1,1,0,1,0,0,1
1,0,0,0,0,0,1
1,1,1,1,0,0,1
0,0,1,1,0,1,0
0,1,0,1,0,1,0
2,1,0,2,1,0,0
1,0,0,1,0,0,0
2,0,0,2,0,0,1
2,1,0,0,0,0,1
1,1,0,2,0,0,1
2,1,0,2,1,1,0
2,1,0,1,1,0,1
1,0,0,2,0,1,0
0,1,0,1,0,1,1
1,1,0,2,0,0,1
2,0,0,2,1,0,1
0,1,0,1,0,1,0
1,1,0,1,1,0,0
1,1,0,1,2,0,0
2,0,1,0,0,0,1
1,1,0,1,2,1,1
2,1,0,2,2,1,0
1,1,0,2,1,0,1
0,1,0,0,0,1,0
2,0,0,0,0,1,1
1,1,0,1,1,1,1
1,1,0,0,0,1,0
1,0,1,1,0,0,0
2,0,0,0,0,0,1
1,1,0,2,1,1,1
1,1,0,2,0,1,0
0,0,1,0,0,0,0
1,0,0,0,0,0,1
1,0,0,2,1,1,0
1,1,1,2,1,0,0
0,1,0,1,1,1,0
2,1,0,1,0,1,0
2,0,1,1,0,0,1
0,0,1,0,0,0,1
1,1,0,2,1,1,0
2,0,1,1,0,0,0
0,1,0,1,0,1,0
0,0,0,2,1,1,0
0,1,0,1,0,0,1
1,1,0,0,1,1,1
1,0,0,2,0,0,0
1,1,0,1,1,0,0
1,0,0,2,2,0,0
1,1,0,1,1,0,0
1,1,1,2,2,1,1
0,1,0,0,1,0,1
1,1,0,2,1,1,0
1,1,0,2,2,1,0
2,1,0,1,0,0,0
0,1,0,1,0,0,0
1,1,0,1,1,1,0
1,0,0,0,1,1,1
2,1,0,1,0,1,1
1,1,0,1,1,0,0
2,1,0,1,1,0,0
1,1,0,2,0,1,0
0,1,0,0,0,0,1
0,1,0,1,0,1,0
0,0,0,1,2,1,0
1,1,0,1,0,0,0
1,1,0,2,0,1,0
2,0,0,0,0,0,1
1,0,0,1,0,0,1
1,0,1,1,2,0,0
2,0,0,0,0,0,1
0,0,0,1,0,0,0
1,0,0,0,0,0,1
1,1,0,0,0,0,1
0,1,1,1,0,0,1
0,1,1,0,1,0,0
0,0,0,0,0,1,0
1,0,0,2,0,0,0
0,0,1,0,0,1,0
1,0,0,0,0,0,0
1,0,0,0,0,0,1
1,1,0,0,1,1,0
1,0,1,1,1,1,1
1,1,0,1,1,0,0
0,0,0,0,0,1,1
0,1,0,1,2,0,0
2,1,0,1,2,1,1
1,1,0,2,0,1,1
2,0,0,2,0,1,0
0,0,0,0,0,1,0
1,0,0,1,0,0,1
2,1,0,0,1,0,1
0,1,0,0,0,0,0
0,1,0,0,0,1,0
1,0,0,2,2,0,0
2,1,0,2,1,1,1
2,1,0,1,0,1,1
1,0,0,1,0,1,1
1,1,0,1,1,1,0
2,1,0,2,1,0,0
1,1,0,0,0,1,1
1,0,0,1,0,1,1
1,1,1,1,1,0,0
1,1,0,1,0,0,1
1,1,0,0,0,0,1
0,1,1,1,1,1,0
1,0,0,1,1,0,0
0,0,1,0,0,0,1
1,0,0,1,0,1,0
0,1,0,0,0,1,1
1,1,1,2,0,0,1
2,0,0,0,0,0,1
1,1,0,1,0,1,1
2,0,0,1,1,0,1
1,1,0,2,0,0,0
1,1,1,2,0,1,0
0,1,0,2,1,1,0
1,1,0,2,1,0,0
1,0,1,1,0,0,0
1,0,1,0,0,0,1
0,1,0,1,0,0,0
1,0,0,2,1,1,1
1,1,1,2,1,1,1
0,1,0,2,0,1,0
1,0,0,0,0,0,0
1,1,0,2,1,1,0
1,0,0,2,0,0,0
1,1,0,2,0,1,0
2,1,0,0,0,0,0
0,1,0,1,2,0,0
2,0,0,0,0,1,1
2,1,0,2,2,0,0
1,1,0,1,1,1,0
1,1,0,0,0,0,0
1,1,0,1,0,0,0
2,1,0,1,2,1,0
1,1,0,2,0,0,1
1,1,1,2,1,1,0
2,1,0,1,0,1,0
1,0,0,2,1,0,0
1,1,1,1,0,0,1
1,1,1,1,1,1,1
1,1,0,2,1,1,0
1,0,0,2,0,1,0
0,0,1,1,1,1,1
1,1,0,2,0,0,0
1,1,0,1,0,0,1
0,1,0,2,0,1,0
2,0,0,2,1,0,0
1,1,0,2,1,1,0
2,0,1,0,0,0,1
1,0,1,1,2,0,1
1,1,0,0,0,0,1
1,1,0,1,1,0,0
0,1,0,1,0,0,0
1,1,1,2,0,0,1
1,0,0,2,2,1,0
2,1,1,2,0,0,0
1,1,0,2,0,1,0
1,0,0,2,1,0,0
0,1,1,1,0,0,1
1,1,0,0,0,0,0
1,1,0,2,1,0,0
0,0,0,1,0,1,0
2,1,0,2,0,0,0
2,1,1,2,2,1,0
1,1,1,2,1,1,0
0,1,0,1,0,1,0
1,1,0,2,0,1,1
1,0,0,2,1,1,1
2,1,0,0,0,0,1
2,0,0,1,0,0,1
1,0,0,2,0,1,0
2,1,0,1,1,0,1
2,0,0,1,1,0,1
1,1,0,1,0,0,0
0,1,0,0,2,1,0
1,0,1,1,0,1,0
1,1,0,2,1,1,1
1,1,0,1,0,0,0
1,0,1,1,0,1,1
0,1,0,0,1,1,0
0,1,1,0,0,0,0
2,1,0,0,1,1,1
1,1,0,2,1,1,0
1,1,0,2,0,0,0
1,1,0,2,0,1,1
0,0,0,0,0,0,0
1,1,0,2,0,1,0
2,0,0,2,0,0,1
2,0,0,1,1,0,1
2,1,0,2,2,1,0
2,1,0,2,0,1,1
1,1,1,1,0,1,1
1,0,0,1,0,0,0
1,1,1,1,2,0,0
0,1,0,0,0,0,0
1,1,0,2,2,0,1
1,1,0,0,1,0,1
0,1,0,0,0,1,0
1,1,0,2,1,1,0
1,1,0,2,0,1,0
1,1,0,2,0,1,1
0,1,0,0,1,1,0
2,1,0,1,2,0,1
1,1,0,1,0,0,0
1,1,0,2,0,1,1
1,1,0,0,1,1,1
1,0,0,0,0,0,1
1,1,0,2,0,1,0
1,1,0,2,1,0,0
1,1,0,1,1,1,0
1,1,0,2,0,0,1
0,1,1,0,0,0,0
1,1,0,0,1,0,1
1,1,0,0,0,0,0
0,0,1,0,0,0,0
1,1,1,1,2,1,1
1,1,0,0,0,0,0
1,1,1,1,2,1,1
2,0,0,2,2,1,0
2,1,0,0,0,0,1
1,1,1,2,1,1,1
1,0,0,2,0,1,0
1,1,0,0,1,1,0
0,1,0,1,1,0,0
1,1,0,2,0,0,0
1,1,1,2,0,1,1
1,1,0,2,1,0,1
1,1,0,2,0,0,0
1,0,0,1,0,1,1
1,1,0,1,2,1,1
1,0,0,1,1,0,1
1,0,0,1,1,0,0
1,1,0,1,0,0,0
2,1,0,1,1,0,1
1,1,0,1,0,0,1
0,1,0,0,0,0,0
0,1,0,0,0,0,0
1,0,0,2,0,1,0
1,1,0,0,0,0,0
1,1,0,2,0,1,0
0,1,0,1,1,1,0
1,1,0,2,2,1,0
1,0,1,0,1,1,1
1,1,1,2,0,0,1
2,0,0,1,1,0,1
1,1,0,1,0,0,0
1,1,0,2,0,0,1
2,1,0,2,0,1,0
2,1,0,2,2,0,0
1,1,1,2,0,0,0
0,0,0,0,0,1,1
2,0,0,1,2,1,1
2,1,1,2,2,1,0
1,1,0,1,1,0,1
1,0,0,2,0,0,0
1,1,0,2,0,1,0
1,0,1,0,0,0,1
0,1,0,0,0,1,1
0,1,0,0,1,1,0
1,1,0,2,2,1,0
1,0,0,1,0,0,0
1,1,0,2,0,1,1
0,0,0,1,0,1,0
1,0,0,0,0,0,0
0,1,0,0,0,0,1
1,1,0,2,1,1,0
2,0,1,1,1,1,1
1,1,1,1,0,0,0
0,0,0,0,2,1,0
0,1,0,1,2,1,0
1,1,0,2,1,1,0
1,0,0,2,0,0,0
1,0,1,0,0,0,0
2,0,1,2,0,1,1
1,1,0,1,2,0,0
1,1,0,1,2,0,0
1,1,0,0,0,0,0
1,1,1,2,0,1,1
2,1,0,0,2,1,0
0,1,0,2,0,0,0
0,1,0,1,0,1,0
1,0,0,0,0,1,1
0,1,0,1,0,0,1
1,0,0,2,1,1,0
2,1,1,1,0,0,1
1,1,0,2,1,1,0
1,1,0,0,1,1,0
2,1,0,2,0,1,0
1,1,0,2,2,1,0
2,0,0,1,1,0,1
1,1,0,2,2,1,0
0,1,0,2,0,1,0
2,1,0,1,0,1,1
2,1,0,0,1,1,1
1,0,0,1,0,0,0
1,0,1,0,0,0,1
1,0,0,1,0,0,0
0,0,0,0,0,1,0
2,0,1,1,0,0,1
0,1,0,2,0,1,1
2,0,0,1,0,0,0
1,0,0,1,1,0,0
1,0,0,2,0,1,0
2,0,0,1,1,0,0
1,1,0,0,0,0,1
1,1,0,2,1,1,1
2,1,0,2,1,0,1
1,0,0,1,1,1,0
1,1,0,1,2,0,0
0,1,0,2,1,1,0
2,1,0,2,2,1,0
0,1,0,2,1,1,1
0,1,1,0,0,0,0
1,1,0,2,0,0,0
0,1,0,0,1,1,0
1,0,0,1,2,0,0
1,1,0,1,0,0,0
2,0,0,1,0,0,1
1,1,0,2,0,1,0
0,1,0,2,1,1,0
1,0,0,1,0,0,1
1,1,0,2,0,0,1
1,1,0,1,0,0,0
1,1,0,0,0,0,1
1,1,0,1,0,0,0
1,1,0,1,1,1,0
0,1,0,0,0,0,0
1,1,0,2,1,1,1
1,0,0,0,0,0,0
1,1,0,2,1,1,0
0,1,0,1,0,1,1
1,1,0,0,0,0,0
2,1,0,0,0,0,0
1,1,0,2,0,1,0
1,1,0,2,0,1,0
0,1,1,1,1,0,0
2,0,0,1,0,0,1
2,1,0,2,2,0,1
1,0,1,0,0,0,0
0,0,1,0,0,0,1
1,1,1,2,0,0,0
1,1,0,1,1,1,1
1,0,0,2,1,1,0
1,1,0,1,0,0,0
2,1,0,1,1,1,1
0,0,1,1,1,0,0
1,1,0,0,0,1,1
2,0,0,2,0,0,0
2,0,0,1,0,0,1
1,1,0,2,0,1,0
1,1,0,2,2,1,0
1,0,1,0,0,0,1
1,0,1,1,2,0,1
1,1,1,1,1,0,0
1,0,0,0,0,0,1
1,0,0,0,0,0,0
1,1,0,2,0,0,1
1,1,0,0,0,0,0
1,1,0,1,0,0,0
1,1,0,2,0,1,0
1,1,0,1,0,0,1
1,1,0,0,1,0,0
1,1,0,2,0,0,0
0,0,1,1,1,0,1
1,1,1,0,0,0,1
1,0,0,1,2,0,1
1,1,0,0,0,0,1
2,1,0,0,0,0,1
1,1,0,2,1,0,1
1,1,0,2,0,1,0
1,1,0,2,0,1,0
1,0,0,2,1,1,1
2,1,1,0,0,0,1
0,1,1,2,0,1,0
1,1,0,1,0,1,1
1,0,0,0,2,0,0
1,1,0,2,2,0,0
1,0,1,1,1,0,0
1,1,1,1,1,0,1
0,0,1,0,0,1,0
1,0,0,0,0,0,0
1,0,1,0,0,0,0
2,1,0,2,0,1,1
1,1,0,2,1,1,0
1,1,0,2,2,0,1
0,0,1,0,0,0,1
1,1,0,2,1,0,1
1,1,0,0,1,1,1
1,0,0,1,0,0,0
1,1,0,1,0,0,0
1,0,0,0,0,0,0
1,1,1,2,1,0,0
0,0,0,1,2,0,1
1,1,1,0,0,1,1
1,0,1,0,0,1,1
1,0,0,2,0,1,0
0,1,0,1,2,1,0
1,0,1,1,0,0,1
1,1,0,1,0,0,1
1,1,0,2,0,1,1
2,1,0,1,1,1,1
1,1,0,1,0,0,1
1,1,0,1,1,0,1
0,1,0,2,2,1,0
0,1,0,1,0,0,1
2,0,0,2,1,1,1
1,1,1,2,0,0,0
1,1,1,2,1,1,0
1,0,0,2,1,1,1
1,1,0,1,0,0,1
1,1,0,1,2,0,0
1,0,0,2,1,1,0
0,1,0,1,1,0,0
1,0,0,2,1,1,0
1,0,0,1,0,0,1
1,1,0,2,1,0,0
1,1,0,2,1,1,1
0,1,0,1,1,0,1
2,0,1,0,0,0,1
1,0,0,2,0,1,1
2,1,0,2,2,1,0
1,0,0,1,0,0,0
1,1,1,1,0,1,1
0,0,0,1,0,0,1
1,0,1,0,0,0,1
1,1,1,0,0,1,1
1,1,1,1,0,0,1
1,1,0,0,1,0,0
0,1,0,1,1,1,0
1,0,1,2,0,1,1
1,0,1,2,0,0,0
2,1,1,1,0,0,0
1,1,0,0,1,1,0
1,0,1,0,0,0,0
1,1,0,0,0,0,1
1,0,0,1,0,0,0
0,0,0,1,1,1,0
0,1,0,2,2,1,0
2,1,0,2,2,0,0
2,1,0,1,1,0,1
0,1,0,1,1,1,0
0,1,0,1,1,1,0
1,1,0,2,1,1,0
1,0,0,1,0,0,0
1,0,1,0,0,0,1
1,1,0,0,1,1,0
2,1,0,1,1,0,1
1,0,0,2,2,1,0
1,1,1,1,1,1,0
0,1,0,1,0,0,0
0,0,1,1,0,1,0
1,1,0,2,1,0,0
2,1,0,2,0,1,1
1,0,0,0,0,0,1
0,1,0,1,0,0,0
1,1,1,0,0,1,0
1,0,0,0,0,0,0
2,1,1,0,0,0,1
0,1,0,2,0,0,1
2,0,0,0,0,0,0
0,1,0,0,0,1,0
1,1,0,2,1,1,0
1,1,0,2,0,0,0
2,1,1,1,0,0,1
0,1,0,0,0,0,0
1,1,0,0,1,1,0
0,0,0,1,0,1,0
1,0,0,0,0,0,1
0,1,0,1,1,1,0
1,1,0,1,0,0,1
1,1,0,0,0,0,0
2,1,0,2,1,1,1
1,0,0,0,0,0,0
1,0,0,2,2,0,0
1,1,0,0,0,0,0
1,1,1,2,1,1,0
2,0,0,0,0,0,1
0,1,0,1,0,1,1
1,0,0,2,0,0,0
2,0,0,0,0,0,1
1,1,0,0,1,1,0
0,1,0,1,1,1,0
2,0,1,1,2,0,0
1,1,1,1,0,1,1
1,1,1,2,0,1,0
1,0,0,1,0,1,1
2,1,0,0,0,0,1
1,1,0,1,2,0,0
1,1,0,1,0,1,0
1,1,0,0,1,0,0
0,0,0,1,2,1,0
1,0,0,2,0,1,0
1,1,0,2,1,1,1
0,0,0,2,0,0,0
1,0,0,0,1,0,0
2,0,1,0,1,0,0
1,0,1,1,0,0,0
0,1,0,1,1,1,1
0,0,0,1,0,1,1
2,1,1,2,1,0,0
1,1,0,0,0,0,0
0,1,0,0,0,0,0
1,0,0,1,2,0,0
1,0,1,1,1,0,0
2,0,0,0,0,0,1
0,0,0,1,0,1,0
1,1,0,1,0,1,0
1,0,0,0,0,0,1
1,0,0,2,0,1,0
0,1,0,1,1,1,0
2,0,0,0,0,1,1
1,1,0,1,0,0,0
1,0,1,1,0,1,0
1,0,1,1,1,0,1
0,1,0,1,0,0,0
1,1,1,0,0,0,1
0,0,0,1,1,1,1
2,0,1,0,0,0,1
0,1,0,1,0,0,0
0,0,0,1,2,1,0
1,1,0,2,2,1,0
1,1,0,2,0,1,1
2,1,0,2,1,0,1
0,1,0,1,1,0,0
2,1,0,1,1,0,0
1,1,1,0,1,1,1
0,1,0,0,1,1,0
1,1,0,2,1,0,0
0,1,0,0,0,0,0
1,0,1,1,0,0,1
1,1,0,1,1,0,0
2,0,0,1,0,0,1
2,1,0,1,0,0,1
1,0,0,2,1,0,0
1,0,0,2,1,1,1
1,1,0,2,1,1,0
2,0,0,1,0,0,1
1,0,1,0,0,1,0
1,0,0,1,0,0,0
1,1,0,2,2,1,0
1,0,0,0,1,0,0
1,0,0,1,0,1,0
1,1,1,1,0,0,0
0,1,0,0,1,0,0
1,1,0,1,0,0,0
1,0,0,0,0,0,1
2,1,0,0,0,0,1
1,1,0,2,0,1,1
0,1,0,1,1,1,0
2,1,0,0,1,0,1
1,0,0,1,0,0,1
1,0,0,0,0,0,0
1,0,0,2,1,1,0
2,1,0,2,0,1,0
0,1,0,2,0,1,1
1,0,0,1,1,0,1
0,1,0,1,0,1,0
1,0,1,0,0,0,1
1,1,0,2,2,1,0
1,0,0,2,1,1,1
2,1,0,2,0,0,1
1,0,0,2,1,1,0
1,1,0,1,1,0,0
1,0,1,1,0,1,0
0,1,0,2,1,0,1
1,1,0,1,0,1,1
2,1,0,2,2,1,0
1,1,0,1,0,0,1
1,1,0,2,0,1,0
2,0,0,1,0,1,1
2,1,0,1,2,0,1
1,0,0,1,1,0,1
2,1,0,1,0,1,1
0,1,0,1,1,0,0
0,1,0,1,1,1,0
1,1,0,2,2,0,0
0,1,0,2,1,1,0
2,0,1,1,2,0,0
0,0,0,1,0,1,0
1,1,0,2,2,0,0
1,1,1,1,1,1,1
1,1,0,2,1,0,1
2,1,0,1,1,1,0
0,1,0,1,0,1,0
1,1,0,2,1,1,1
2,1,0,2,0,1,1
1,1,0,2,0,1,0
0,1,0,1,0,0,0
1,1,0,1,0,0,1
2,0,0,1,0,1,1
1,0,0,1,0,0,0
1,1,0,2,1,1,1
1,1,0,1,1,0,0
1,1,0,2,2,1,0
2,1,1,2,2,0,1
1,1,1,0,0,0,1
1,1,0,2,0,0,0
0,1,0,0,0,0,1
1,1,0,0,2,1,0
0,0,0,1,0,1,0
0,0,1,0,0,0,0
1,1,0,0,0,0,1
0,1,0,1,0,1,1
0,1,0,1,1,1,1
0,1,0,2,1,1,1
1,1,0,2,0,1,0
2,1,0,1,2,1,1
1,0,0,2,1,0,0
2,1,1,1,2,0,1
1,0,0,2,1,1,0
1,1,0,0,1,0,0
0,1,0,0,0,0,0
1,1,0,0,0,0,0
2,1,0,1,0,0,1
0,1,0,0,1,0,0
0,1,0,1,0,0,1
0,1,1,0,1,1,1
1,1,0,1,0,1,1
1,0,1,1,0,1,0
0,1,0,1,2,0,0
1,1,1,2,0,1,0
1,0,1,0,0,0,1
2,1,0,2,1,1,0
1,0,0,2,0,0,0
2,1,0,2,0,0,1
2,1,0,1,2,1,0
1,0,1,1,0,0,0
1,1,0,0,0,1,1
0,1,0,1,1,1,0
2,1,1,2,2,0,1
1,1,0,1,1,1,0
1,0,0,1,0,0,0
1,1,0,2,1,1,0
1,1,0,1,0,1,0
2,1,0,2,0,0,1
0,1,0,0,0,0,0
0,0,0,0,0,0,1
2,0,0,0,0,0,1
1,0,0,2,1,0,0
1,0,0,0,0,0,1
0,1,0,1,1,1,1
1,1,0,0,0,0,1
1,0,0,2,0,1,0
1,1,0,1,0,1,1
1,1,0,1,0,0,1
0,0,0,0,1,0,0
0,0,1,0,0,0,1
1,1,0,1,0,0,1
1,1,0,1,1,1,1
1,1,1,0,2,0,0
1,1,1,0,2,0,0
2,1,0,1,0,0,1
1,1,1,0,0,0,0
0,1,0,1,0,1,0
1,1,0,1,0,1,0
1,1,0,1,0,0,1
1,1,0,0,0,0,1
1,1,0,1,0,0,1
0,1,0,1,0,1,0
1,0,0,1,0,0,0
2,0,1,0,0,0,1
1,1,0,1,0,1,0
2,1,0,2,0,0,0
1,1,0,2,1,0,1
1,1,0,1,0,0,0
1,1,0,0,0,1,1
1,1,0,2,2,1,1
1,1,0,0,0,0,0
2,0,0,0,0,0,1
1,1,0,0,2,1,1
2,1,1,2,2,0,1
1,1,0,1,2,1,0
1,1,0,1,0,0,0
1,1,1,0,0,0,0
1,0,1,0,0,0,1
1,1,0,1,2,1,1
1,0,1,0,0,0,0
1,0,0,1,2,0,0
2,0,0,1,0,0,1
2,1,1,1,1,0,1
0,1,0,2,0,1,1
1,1,0,0,1,0,0
2,0,0,0,0,0,1
1,0,1,0,0,0,0
1,0,1,0,0,0,1
1,0,1,2,0,0,1
0,1,1,0,0,0,0
1,1,0,2,0,1,1
1,1,0,0,0,0,1
2,1,0,1,0,0,0
0,1,0,2,2,1,0
0,1,1,1,1,0,1
1,1,0,2,2,0,0
1,1,0,2,0,1,0
1,1,1,2,1,1,0
2,0,0,1,0,0,0
0,1,0,1,1,1,1
1,0,0,0,0,0,0
0,0,0,0,0,1,0
2,1,0,2,2,1,0
2,1,1,1,0,1,1
2,1,0,2,2,0,1
1,1,0,2,0,1,0
1,0,0,2,1,1,0
2,0,0,1,1,0,0
0,1,0,1,2,1,0
0,0,0,2,0,1,1
1,1,1,1,1,1,1
1,0,0,1,0,1,1
0,1,0,1,1,1,0
0,1,0,0,1,0,0
2,0,0,1,1,1,0
2,1,0,2,1,1,0
1,1,0,2,0,0,0
1,1,0,1,0,0,1
1,0,1,0,0,1,0
1,1,0,1,0,1,1
1,0,0,2,0,0,0
2,1,0,2,2,1,0
1,0,1,0,0,0,0
0,1,0,1,0,0,1
1,1,0,2,0,0,1
2,1,0,2,0,0,0
0,1,0,2,0,0,1
1,1,0,1,1,1,1
0,0,0,0,1,0,1
1,0,0,2,0,0,0
1,1,0,2,0,1,0
1,0,0,1,2,0,1
1,1,0,1,2,1,0
2,0,0,2,0,0,0
1,1,1,2,1,1,0
1,0,0,1,0,0,0
2,1,0,2,2,1,0
0,1,0,1,1,0,0
1,1,1,2,0,1,0
1,1,1,1,0,1,1
1,1,0,2,0,0,1
1,0,0,1,0,0,1
2,1,0,2,0,0,0
1,1,0,2,1,1,0
1,1,0,1,0,0,1
2,1,0,0,0,0,1
2,0,0,1,0,0,1
1,1,1,1,1,1,1
1,1,0,2,0,0,1
0,0,0,1,0,1,0
0,0,0,1,0,0,1
1,1,0,2,0,1,0
1,0,0,1,2,1,0
1,1,1,2,2,1,0
1,1,0,2,2,0,0
1,0,1,1,0,0,0
1,1,0,2,1,1,0
1,0,0,1,0,1,1
2,1,0,2,2,0,1
1,1,0,1,0,0,0
1,1,0,1,1,1,1
2,1,0,0,0,1,0
1,1,0,1,1,0,0
2,1,1,0,0,0,1
2,0,0,2,0,0,1
1,0,1,0,0,0,0
1,1,0,1,2,0,0
0,1,0,1,1,0,1
1,1,0,2,0,1,0
2,1,0,2,1,0,0
1,1,0,1,2,1,0
0,1,0,0,0,0,0
1,0,0,2,1,1,0
1,1,0,1,0,1,0
1,1,0,2,1,1,0
1,1,1,0,1,0,1
2,0,0,0,0,0,1
0,1,1,0,1,0,0
1,1,0,2,1,1,0
1,0,0,2,2,1,0
0,0,0,0,0,1,0
2,0,0,1,1,1,1
0,0,0,0,0,0,1
2,1,1,1,0,0,0
0,1,0,0,1,1,0
1,1,0,2,1,0,0
1,1,0,1,0,0,0
1,1,1,1,0,0,0
2,1,0,1,1,0,1
1,1,0,2,2,1,0
1,0,1,1,1,0,1
0,1,0,0,0,1,0
0,0,0,0,0,1,1
0,0,0,1,1,0,1
1,0,0,2,2,0,0
1,1,0,0,1,0,0
1,1,0,0,1,0,1
1,1,0,1,0,0,0
1,1,0,2,0,1,0
1,1,0,1,1,0,1
1,0,0,2,1,0,0
0,0,0,0,1,1,0
1,1,0,2,1,1,0
2,0,0,2,1,0,0
1,1,0,1,0,0,0
1,1,0,1,0,0,0
1,1,0,2,0,0,0
2,1,1,1,0,0,1
1,0,1,0,0,0,1
1,1,0,2,1,1,1
1,1,0,1,0,1,0
1,0,0,1,0,0,1
0,1,1,1,0,0,1
1,0,0,1,0,0,0
2,1,0,2,2,0,0
1,1,0,2,0,1,0
0,1,0,1,1,1,0
2,1,0,2,0,1,0
1,0,1,2,0,1,0
0,1,0,1,1,1,0
1,1,0,1,1,0,1
1,1,0,1,0,1,0
1,1,0,1,0,1,0
0,1,0,1,1,1,0
1,0,0,1,0,1,1
2,1,0,2,2,0,0
1,0,0,0,0,0,1
2,1,1,2,1,0,1
2,1,0,2,0,1,0
2,0,0,1,1,0,1
1,0,0,0,0,0,1
1,0,1,1,0,0,0
0,1,1,2,0,1,1
1,1,0,1,1,1,1
1,0,0,1,0,0,0
0,1,0,1,1,0,1
0,1,0,1,1,1,1
1,1,1,0,0,0,0
1,1,0,2,0,1,0
1,0,0,0,0,0,1
0,1,0,0,1,1,0
1,1,0,2,0,0,0
1,0,0,2,1,0,0
1,1,0,1,2,0,0
0,1,1,0,1,0,0
2,1,1,0,0,1,0
0,0,1,0,0,1,0
2,1,0,0,0,0,1
2,0,0,1,1,0,0
0,1,0,1,1,1,0
1,1,0,1,0,0,1
2,1,1,0,0,0,1
1,1,0,1,0,1,0
0,0,0,0,0,0,1
1,1,0,2,2,1,1
1,1,1,2,1,1,0
0,1,0,2,1,1,0
1,1,1,1,1,1,1
0,1,1,0,1,0,1
1,0,0,1,0,1,1
2,1,0,2,2,1,1
1,1,0,2,2,0,0
1,1,0,2,0,1,0
1,1,0,1,0,0,1
2,1,0,2,2,1,1
0,1,0,1,0,1,1
2,1,0,0,1,0,1
1,0,0,0,0,0,0
1,1,0,2,0,1,0
1,1,1,1,0,1,1
0,1,1,1,1,1,0
0,1,1,2,0,0,0
1,0,0,0,0,0,1
0,0,1,1,0,0,1
2,1,0,1,0,0,1
1,1,1,0,0,0,1
1,1,0,2,0,1,0
1,0,0,2,0,1,0
2,1,0,1,1,0,1
1,1,0,0,0,0,1
0,0,0,0,0,0,0
1,0,0,1,2,0,1
1,0,1,2,1,1,0
2,1,0,1,0,0,1
0,1,0,1,0,0,1
2,1,0,1,0,1,0
1,0,0,0,0,1,1
1,1,0,2,0,1,0
1,0,0,2,1,0,0
1,0,0,0,1,0,0
2,0,0,1,0,0,1
1,0,1,1,0,0,0
1,1,1,1,0,1,1
0,1,0,0,0,0,0
0,1,0,1,0,1,1
1,0,1,0,0,0,0
1,1,0,1,1,0,0
0,1,0,0,0,0,1
2,1,0,2,0,0,0
0,0,0,2,0,1,1
1,1,0,1,2,0,0
1,1,0,0,0,0,0
0,1,0,2,0,1,0
0,0,0,0,0,1,0
0,1,0,0,0,0,0
1,0,0,1,0,0,0
1,0,0,2,1,0,0
1,0,1,0,0,0,0
1,1,0,1,1,0,0
1,0,0,1,0,0,1
0,1,0,1,0,1,0
1,1,1,0,0,1,0
0,1,0,0,1,0,0
0,0,1,2,0,0,1
1,1,0,2,0,1,0
0,1,1,1,1,0,0
1,1,0,2,1,1,0
1,1,0,1,0,1,0
1,0,0,0,0,0,1
0,1,0,2,1,1,0
1,1,0,1,0,0,1
2,0,1,0,0,0,1
1,1,0,0,0,1,1
0,1,0,1,0,1,1
0,0,0,0,0,0,0
2,1,1,0,0,0,0
1,1,0,2,1,1,0
1,1,1,0,2,1,0
1,0,0,0,0,0,1
0,0,1,1,0,0,0
0,1,0,1,1,1,0
0,1,0,0,0,1,0
0,1,0,0,0,0,1
2,1,0,1,0,0,1
1,0,0,1,2,0,0
2,1,0,2,2,1,0
0,0,0,1,1,1,0
0,1,0,1,2,1,0
1,1,0,1,1,0,0
0,0,0,1,0,1,0
1,1,0,2,0,1,0
1,1,0,2,0,1,0
2,1,0,2,0,1,1
0,1,0,0,0,0,0
0,1,1,1,0,1,0
1,1,0,1,0,1,0
1,1,0,2,1,1,0
1,0,0,2,1,1,0
1,1,0,2,1,1,1
2,1,0,0,0,0,1
1,0,0,0,0,0,1
1,0,0,2,1,0,0
0,1,0,1,1,1,0
2,0,0,0,1,1,1
2,1,0,1,2,0,1
1,1,0,0,0,1,0
1,1,0,0,0,0,0
1,0,1,2,1,1,0
0,1,0,2,0,1,1
1,0,0,2,0,0,0
0,1,0,2,0,1,0
1,0,0,1,0,0,0
2,0,0,0,0,0,1
1,1,0,2,0,1,0
0,1,1,0,1,1,0
2,1,0,2,1,0,0
2,0,0,1,0,0,0
1,1,0,1,0,1,0
2,0,0,2,0,0,1
2,0,0,2,0,1,1
1,1,0,1,2,1,0
1,0,0,1,2,0,0
1,1,0,0,0,1,1
1,0,0,1,0,0,1
1,0,0,2,0,0,0
1,1,0,0,1,0,0
1,1,0,1,1,1,0
2,1,0,1,0,0,1
1,1,0,2,0,0,0
1,1,1,2,1,1,0
1,1,0,2,2,1,0
1,1,1,1,0,1,0
1,1,0,1,1,1,0
2,1,0,2,1,1,1
1,0,0,1,0,0,0
1,0,0,2,0,1,1
2,1,0,2,2,0,0
1,1,0,1,1,1,0
1,1,0,0,1,0,1
2,1,0,0,0,0,1
1,0,0,1,0,1,1
2,1,0,0,0,0,1
1,0,0,1,0,0,0
2,1,1,1,0,0,0
0,1,0,1,2,0,1
2,1,0,0,0,0,0
1,0,1,0,0,0,1
1,1,0,2,2,1,0
2,1,0,1,2,1,1
2,0,0,0,0,0,0
1,1,0,1,1,1,1
2,1,1,0,1,1,0
2,0,0,1,0,1,0
0,1,0,1,0,1,0
2,1,0,2,1,1,1
2,1,0,2,0,1,0
2,1,0,1,0,0,1
1,1,0,2,1,0,0
0,1,0,2,2,1,0
1,1,0,1,1,0,1
1,0,0,1,0,1,0
1,0,0,2,0,1,0
1,1,0,2,0,0,0
1,0,0,1,2,0,0
2,0,0,2,0,0,0
1,1,0,1,1,0,1
2,0,0,0,2,1,0
1,1,0,1,0,1,0
0,1,0,1,1,1,1
2,0,0,2,1,1,0
2,0,1,0,0,0,1
2,1,1,2,1,1,1
1,1,0,2,0,1,0
0,1,1,0,0,0,0
1,1,0,2,1,0,0
1,1,0,2,0,0,0
1,0,0,1,0,0,0
1,1,0,1,0,0,0
1,1,0,2,2,1,0
1,1,1,2,1,1,1
2,1,0,2,2,1,0
1,0,0,1,1,0,0
1,0,1,0,0,1,0
1,1,0,2,2,1,0
0,0,0,1,1,1,1
1,0,0,2,0,0,1
2,1,0,2,1,1,0
0,1,0,1,0,1,0
1,1,0,2,0,1,0
0,1,0,1,2,1,0
0,0,0,2,1,1,1
1,0,0,1,0,0,0
1,0,0,1,0,0,1
1,0,0,0,0,0,0
2,0,1,0,0,1,1
1,0,0,1,2,0,0
1,1,1,2,0,0,0
1,1,0,2,0,1,0
1,1,0,0,0,1,1
1,0,0,2,0,1,1
2,0,0,0,0,0,0
1,1,0,2,1,1,0
1,1,0,2,1,1,0
0,1,0,2,0,1,0
2,1,0,1,2,1,0
2,0,0,0,0,0,1
1,1,1,2,0,1,0
1,1,0,0,0,1,1
0,1,0,0,1,1,1
1,1,0,2,0,0,0
1,1,0,1,0,0,1
1,1,0,0,1,0,1
0,1,0,1,1,1,0
1,1,0,0,1,0,0
2,1,0,2,0,1,0
0,0,1,0,0,0,0
1,0,1,0,0,0,0
0,1,1,1,0,0,0
0,1,0,1,0,0,1
2,0,0,2,2,1,0
1,1,1,1,0,1,0
2,1,0,2,0,1,1
1,1,0,2,0,1,0
2,1,1,0,0,0,1
0,0,0,0,0,0,0
0,1,0,0,0,1,0
1,0,0,2,0,1,0
1,0,1,1,0,0,1
1,1,1,1,1,1,0
0,1,0,1,1,1,0
0,1,0,1,1,1,0
0,1,0,0,0,0,0
1,1,0,2,0,0,1
0,0,1,0,0,1,0
1,1,1,1,0,0,0
0,1,0,1,2,1,0
0,0,0,0,0,0,1
1,1,1,0,0,1,1
0,0,0,0,0,0,0
1,0,0,2,0,0,0
0,0,0,0,1,1,1
0,1,0,0,0,0,0
1,1,0,1,1,1,1
1,1,0,2,0,1,0
0,1,0,0,0,1,0
2,0,0,2,0,1,0
0,1,1,1,2,1,0
2,1,0,2,1,1,0
1,1,0,2,1,1,0
0,1,1,0,0,0,0
0,1,0,1,0,1,0
1,1,0,0,0,0,1
0,1,0,0,0,0,1
1,0,0,2,1,1,0
0,1,0,0,1,1,0
2,1,1,2,1,0,0
2,0,0,1,1,0,0
2,1,0,0,0,0,1
1,1,1,2,1,1,1
1,1,1,2,0,1,0
2,1,1,0,0,0,0
1,0,0,2,0,1,0
2,0,0,2,0,1,0
2,0,0,2,1,1,0
2,0,1,1,0,1,0
1,1,0,2,1,1,0
2,1,1,0,0,0,1
1,0,0,0,0,1,1
0,0,0,0,2,1,0
0,1,0,0,1,1,1
2,1,0,0,0,0,1
1,1,0,2,1,1,1
1,1,0,2,1,1,1
1,1,1,1,0,0,0
2,1,0,1,0,0,0
1,1,0,2,2,0,0
1,1,0,2,2,0,0
2,0,0,2,2,0,0
1,1,1,2,0,0,0
1,1,0,0,0,0,0
1,1,1,1,1,1,1
2,0,0,0,0,0,0
1,0,0,1,0,0,1
2,1,0,2,0,0,0
0,1,0,0,0,0,1
1,1,1,0,0,0,1
1,1,0,2,2,1,1
1,0,0,1,2,0,0
0,1,0,1,1,0,0
1,0,0,2,0,0,0
0,0,0,2,1,1,0
1,0,0,0,0,0,1
2,1,0,2,2,0,1
1,1,1,1,1,1,1
2,1,0,0,0,1,1
1,1,1,1,0,0,0
1,1,0,2,2,1,0
2,1,0,2,0,1,0
0,0,0,0,0,0,1
1,1,0,1,0,0,0
1,1,0,1,1,1,0
1,0,0,2,1,0,1
1,1,1,1,1,0,0
1,1,1,2,1,1,0
1,1,0,0,0,0,0
1,0,0,1,0,1,0
1,1,0,2,2,0,0
0,1,0,1,1,1,0
1,1,0,2,1,1,0
2,0,0,2,1,1,1
1,0,1,1,2,0,1
0,0,1,0,0,1,1
2,0,0,2,0,0,1
1,1,0,2,0,1,0
2,1,1,1,0,0,0
0,1,0,1,1,0,0
1,0,0,1,1,1,1
1,0,0,0,0,0,1
1,1,0,1,0,1,0
1,1,0,0,1,0,0
1,1,1,1,2,1,0
1,1,0,2,1,1,0
1,1,0,1,1,0,0
1,0,0,2,1,0,0
1,0,0,2,0,1,0
1,0,0,1,1,1,0
1,1,1,2,1,1,0
0,1,0,0,1,1,0
2,1,0,0,0,0,1
1,1,1,0,0,0,1
0,0,0,2,0,0,0
1,1,0,2,0,1,0
2,1,1,1,0,0,1
0,1,0,1,0,1,0
2,0,0,1,0,0,1
1,0,0,0,1,1,1
1,1,0,2,2,1,0
1,0,0,2,1,1,0
1,1,0,0,1,1,1
1,1,0,2,0,1,0
2,1,0,0,0,0,1
2,0,0,1,0,0,0
1,0,1,1,1,0,1
1,1,0,0,0,0,0
1,0,0,1,0,0,0
1,0,0,1,0,0,0
1,0,0,0,0,0,0
1,0,0,1,0,1,1
1,1,0,2,1,1,0
0,0,0,1,1,0,0
0,1,0,2,0,1,0
1,1,0,2,0,0,1
2,1,1,2,1,1,0
1,0,1,1,1,1,0
1,1,0,2,0,0,0
1,0,0,2,2,0,1
1,1,0,2,2,0,1
1,0,0,0,0,0,0
0,0,1,0,0,0,0
2,1,0,1,2,0,0
0,1,0,2,2,0,0
1,0,1,0,0,0,0
1,1,0,2,1,1,0
0,0,0,0,0,1,0
0,1,1,0,1,1,1
0,1,0,1,0,0,0
1,0,0,0,0,0,0
1,1,0,0,0,0,0
1,1,0,2,2,1,0
2,1,0,1,0,0,1
1,1,0,1,0,0,0
2,0,0,0,0,0,1
1,0,0,1,0,1,0
0,1,0,1,0,0,0
1,1,0,1,0,1,0
0,1,0,1,0,0,0
0,1,0,0,2,1,1
1,1,0,0,0,0,0
1,1,0,2,1,1,0
1,0,0,1,0,0,1
1,1,0,2,1,0,0
1,1,0,0,0,0,1
0,0,0,0,0,0,0
1,1,0,2,0,0,0
1,1,0,2,2,0,1
2,1,0,1,1,1,1
2,0,0,0,0,0,1
2,1,0,2,1,1,1
1,1,0,1,1,0,0
1,1,1,2,0,0,0
1,1,0,0,0,0,1
0,0,0,0,0,0,0
1,1,0,1,1,0,0
1,0,0,0,0,1,0
1,1,0,1,1,1,0
1,1,0,2,1,0,0
1,0,1,1,0,0,0
1,1,0,1,2,1,0
2,0,1,0,0,0,1
1,1,0,2,1,1,0
1,1,0,0,1,1,1
1,1,0,2,2,1,0
0,1,0,0,1,0,0
0,1,0,1,0,0,1
2,1,0,1,1,0,0
1,1,0,1,1,0,0
1,0,0,1,0,1,0
1,0,0,1,0,0,0
2,0,0,0,0,0,1
0,1,0,1,0,1,0
2,0,0,2,0,0,0
0,1,0,0,0,1,0
2,1,0,1,2,1,1
1,1,0,2,1,0,0
2,1,0,2,0,1,0
1,0,1,1,0,1,0
1,1,0,2,0,0,0
1,1,1,2,1,1,1
1,1,0,0,0,1,0
2,0,0,0,0,0,0
1,1,0,1,0,1,0
0,0,1,1,0,1,0
1,1,0,2,1,1,0
0,0,0,0,0,0,1
1,1,0,1,2,0,0
2,0,0,0,1,0,1
0,1,0,0,1,1,0
1,0,0,1,1,1,0
1,1,1,0,1,1,1
0,0,0,1,2,1,0
1,1,0,0,0,0,0
2,1,0,2,1,0,0
1,0,0,2,0,1,0
0,0,0,1,0,0,0
1,1,0,1,2,1,0
1,0,1,0,0,1,0
0,0,1,0,0,0,0
1,1,0,1,0,0,1
1,0,0,1,1,0,0
1,1,0,0,1,0,1
1,1,1,1,0,0,1
0,1,0,1,0,1,0
1,1,0,2,0,1,0
1,1,1,0,0,0,1
1,0,0,0,0,1,1
0,0,0,0,0,1,0
2,0,1,0,0,0,1
1,1,0,0,0,0,1
0,0,0,0,0,1,1
1,0,0,2,0,1,0
0,1,1,1,2,1,0
1,1,0,2,1,1,0
0,0,0,1,1,0,1
1,1,1,1,0,1,0
1,0,0,1,0,1,0
1,0,0,2,1,0,1
1,1,0,1,1,1,1
1,1,1,2,1,1,0
1,0,0,0,0,0,0
1,1,0,1,0,0,1
0,0,0,1,0,0,1
2,0,1,0,0,0,1
2,0,0,1,1,0,1
1,1,1,2,1,1,1
1,1,0,1,0,0,0
2,1,0,2,2,1,0
2,1,1,2,0,0,1
2,0,0,2,2,0,0
2,1,0,0,0,0,1
2,0,0,1,0,0,0
1,1,0,1,0,0,0
0,0,0,1,1,0,0
2,1,0,0,0,0,1
1,1,0,2,1,1,1
1,1,0,1,1,1,1
1,1,0,1,1,1,1
2,1,0,1,0,0,0
1,0,1,2,1,1,0
2,1,0,1,1,0,1
2,1,0,1,1,0,1
2,0,0,2,1,0,1
1,0,0,1,0,0,1
2,1,0,2,0,0,0
2,0,0,1,2,0,1
0,1,1,0,1,0,0
1,0,0,1,0,1,1
0,1,0,0,1,0,0
1,1,0,0,1,0,1
1,1,0,2,0,0,0
0,1,0,0,1,0,0
2,1,0,1,0,0,1
2,0,0,2,1,1,0
2,0,1,1,0,0,0
1,0,0,1,0,1,1
1,1,1,2,0,1,0
1,1,1,0,0,0,0
1,1,0,2,0,1,0
1,1,0,2,0,1,0
1,1,0,2,1,1,0
1,1,1,0,0,0,1
0,0,0,1,1,1,0
2,0,0,1,1,0,1
2,0,0,1,0,0,1
1,0,0,0,0,0,0
2,1,0,2,1,1,0
1,1,0,1,1,0,1
2,1,0,2,1,1,0
0,0,0,0,0,0,0
1,0,0,1,0,0,1
2,0,0,0,0,0,1
2,1,0,2,1,1,1
0,0,1,1,2,0,1
1,1,0,0,1,1,1
1,0,0,1,0,0,1
0,0,1,1,0,1,0
2,1,1,1,0,0,1
1,1,1,2,2,1,1
1,1,0,2,0,1,0
1,1,0,0,0,0,1
0,1,0,0,1,0,0
1,1,0,2,0,1,0
1,1,0,1,1,0,1
1,1,0,1,0,0,0
1,1,0,1,0,0,1
1,0,0,2,0,1,0
1,1,0,2,1,1,0
1,1,1,0,0,0,1
0,1,0,0,0,0,1
1,0,0,2,0,1,0
1,0,0,1,2,1,0
0,1,1,0,0,1,0
2,0,1,0,0,0,1
1,1,1,1,1,0,0
1,1,0,1,1,1,0
1,1,0,2,0,0,1
1,1,1,1,0,0,0
1,1,0,2,0,1,1
1,0,0,2,1,1,0
1,1,1,2,1,1,0
1,0,1,2,0,1,0
1,1,0,2,1,1,0
0,0,0,1,2,0,0
1,0,0,2,0,1,1
1,0,1,1,0,1,1
0,1,0,1,0,1,1
1,1,0,2,0,1,1
2,0,0,1,0,1,1
2,0,0,0,0,0,1
1,1,0,2,0,0,0
1,0,1,1,0,0,1
2,0,0,1,1,1,0
2,1,0,1,2,0,1
1,0,0,0,0,0,1
2,0,1,0,0,0,1
1,1,0,2,0,1,0
0,1,0,0,1,1,0
1,1,0,1,0,1,0
1,1,1,1,0,0,0
1,0,0,2,1,0,0
1,1,0,2,2,1,0
1,0,0,2,0,0,0
1,1,0,1,0,1,1
0,0,0,2,1,0,0
2,1,0,2,0,0,0
1,1,1,1,0,0,1
1,1,0,2,0,0,1
2,1,0,0,0,0,1
0,1,0,1,0,1,1
1,1,0,2,1,1,0
0,1,0,1,2,0,0
1,1,0,2,0,0,1
2,0,0,0,0,1,1
1,0,0,2,0,1,0
0,0,1,1,1,0,1
0,0,0,1,0,1,0
0,1,0,1,2,1,0
1,1,0,1,0,1,1
1,1,1,1,0,0,0
2,0,0,1,1,1,0
0,0,0,2,0,1,0
1,1,0,1,0,1,0
1,1,0,2,0,1,1
1,0,0,0,0,0,1
1,0,1,0,0,1,0
0,1,1,1,0,1,1
1,0,0,0,0,0,1
0,0,1,0,0,1,1
1,0,0,0,0,1,1
2,1,0,1,1,1,1
1,0,0,2,1,1,0
2,0,0,2,0,1,1
1,1,0,2,0,1,0
0,0,0,0,1,1,0
1,1,1,2,0,0,0
1,0,0,0,0,1,0
0,1,0,0,0,0,0
2,1,0,0,0,0,1
1,1,0,1,1,0,1
1,1,1,1,0,1,1
2,1,0,2,0,0,1
0,0,0,0,0,0,1
1,0,0,2,0,1,1
0,1,0,1,0,1,0
0,0,0,0,0,0,0
1,1,0,0,1,0,0
1,1,0,2,0,1,0
2,1,1,1,1,0,1
0,0,0,1,0,0,0
0,0,0,0,0,0,1
1,0,0,1,2,1,0
2,0,0,0,0,0,0
0,1,0,0,0,0,0
1,0,0,1,0,0,1
1,1,0,2,1,1,0
0,1,0,2,1,1,0
2,1,0,2,0,1,0
2,1,0,1,1,1,0
1,1,1,0,2,0,0
2,0,0,0,1,1,1
2,1,1,0,0,0,0
1,1,0,2,1,1,0
2,0,1,2,0,0,0
1,1,1,2,0,1,0
1,1,0,2,1,0,0
1,1,0,1,0,1,1
1,1,0,2,1,1,0
0,1,0,1,1,1,0
1,1,1,1,0,0,0
1,1,0,0,1,0,1
0,1,0,0,0,0,0
1,0,0,2,0,1,0
2,0,0,1,0,0,0
1,0,0,2,0,1,1
2,1,0,1,1,1,1
0,1,0,0,0,1,0
2,1,0,2,0,1,0
1,1,0,2,0,1,0
1,1,0,2,1,0,0
1,0,0,0,1,0,0
1,1,0,2,0,1,1
1,1,0,1,0,0,1
2,0,0,0,0,0,1
0,1,0,1,0,1,0
1,0,0,1,0,0,0
0,0,0,1,0,1,0
2,0,0,2,1,0,1
1,1,1,2,2,1,1
1,1,1,2,2,1,0
1,1,0,0,0,1,0
1,0,1,1,0,0,0
1,1,0,1,0,1,0
2,1,0,1,0,0,0
0,1,0,2,2,1,0
2,1,1,2,0,0,1
1,1,0,2,2,1,0
1,0,0,1,0,0,1
1,1,1,0,0,0,0
2,0,1,0,0,0,1
0,1,0,1,2,1,0
1,1,0,0,0,0,1
0,0,0,0,1,1,0
2,0,0,2,0,0,0
0,1,0,2,0,1,0
2,0,0,0,0,0,0
0,1,0,1,0,1,0
1,1,0,0,0,0,0
1,1,0,2,0,1,0
1,0,0,1,0,1,1
2,0,0,1,0,0,1
2,1,0,0,0,0,1
0,1,0,1,1,1,1
2,1,0,2,1,1,0
1,0,0,1,0,1,1
2,1,0,1,0,0,1
2,1,0,1,0,0,0
2,0,0,0,0,0,1
1,1,0,0,0,0,1
2,0,1,1,1,0,1
2,0,1,2,1,0,0
2,1,1,2,2,1,1
1,1,0,2,0,1,0
1,0,0,1,0,1,0
0,1,1,0,1,1,0
0,1,0,1,0,1,0
1,1,0,2,0,0,1
1,1,0,2,1,0,1
0,1,0,2,2,1,0
1,0,0,1,2,1,1
1,1,0,2,0,1,1
1,1,0,1,0,0,0
1,1,0,1,1,0,1
2,1,0,2,1,1,0
1,1,1,2,1,1,1
1,1,0,2,0,1,0
0,1,1,1,1,1,0
1,1,0,0,0,0,1
0,1,1,1,1,0,0
1,0,1,0,1,1,1
1,1,0,1,1,1,0
2,0,0,2,1,0,0
1,1,1,1,0,1,0
1,0,0,2,1,1,0
1,0,0,0,1,1,0
1,1,0,2,1,1,1
1,1,0,1,2,0,0
1,0,0,2,2,1,0
1,1,1,1,1,1,0
2,1,0,2,1,1,0
1,1,0,0,0,0,0
1,1,1,2,0,0,0
1,0,0,2,1,0,0
1,1,0,1,0,1,0
0,1,0,1,0,1,0
2,1,0,1,1,0,1
2,1,0,2,2,1,0
1,1,1,2,1,1,1
1,0,1,0,0,0,1
1,0,1,2,0,1,0
0,1,1,0,0,0,0
2,0,0,0,0,0,0
2,1,0,0,0,0,1
0,1,1,1,0,0,1
1,1,0,1,0,1,0
1,1,0,2,0,0,1
1,1,1,1,2,1,0
1,1,1,2,1,1,0
2,1,0,2,1,0,0
2,0,0,2,0,0,1
1,1,0,1,0,0,0
1,1,1,2,0,1,0
1,1,0,2,2,1,0
1,0,0,2,1,0,1
1,0,0,2,1,1,1
0,1,0,0,2,0,0
0,1,0,1,2,1,0
1,1,1,1,0,0,1
1,1,0,2,1,1,1
1,0,0,2,0,0,1
0,1,0,0,1,1,0
2,1,0,2,1,1,0
1,1,0,2,2,1,0
1,1,0,1,1,0,1
1,0,0,2,1,1,0
1,1,0,2,0,0,1
1,0,0,1,0,0,0
2,0,0,2,0,0,1
1,0,0,0,0,0,0
1,0,0,1,0,1,1
0,1,0,1,1,0,0
2,0,0,2,0,0,0
1,1,0,2,2,1,0
1,1,0,2,0,0,0
1,0,0,0,0,0,1
0,1,0,0,0,1,0
2,0,1,1,0,0,1
1,0,0,1,0,0,1
1,0,0,0,0,1,1
0,0,0,0,0,0,0
0,1,0,0,0,1,0
1,0,0,1,1,0,0
2,0,0,2,0,1,0
2,1,0,2,0,0,1
0,1,0,1,0,1,0
2,0,0,0,1,1,1
1,1,0,1,0,0,1
0,1,1,1,2,0,1
2,1,1,1,0,0,1
2,0,1,1,0,0,1
2,0,0,2,0,1,0
2,1,1,1,1,0,1
0,1,1,0,0,1,0
1,0,1,2,0,1,1
1,1,0,2,1,0,1
1,1,0,2,1,0,0
2,1,0,2,2,1,1
1,0,0,0,0,0,1
1,0,0,1,0,1,0
0,0,0,1,1,1,0
2,1,0,1,1,0,1
1,1,0,0,0,0,1
1,1,0,1,0,0,0
1,0,1,1,0,1,1
1,0,0,2,1,1,0
1,0,0,0,0,0,0
1,1,0,1,0,0,0
1,1,0,2,0,0,0
0,1,0,0,0,0,1
0,0,1,0,0,1,0
1,1,0,2,1,1,0
1,0,0,1,0,0,0
0,0,0,2,1,1,1
0,0,0,0,0,1,1
1,0,0,0,0,1,0
0,1,0,0,1,0,0
0,1,0,0,0,0,0
0,1,0,0,0,0,0
1,0,1,1,0,0,0
